status,uid,fit_tier,fit_score,fit_why,tier,company,title,location,comp,posted,apply_url
,ashby:thumbtack:f4b2823d-ab17-465d-b246-c0e3629f4a30,A,88,Sr Director(+44) | remote(+34) | fresh(+10),remote,~Thumbtack [verify],"Sr. Director, Product & Experience Marketing","Remote, United States",,2026-06-24,https://jobs.ashbyhq.com/thumbtack/f4b2823d-ab17-465d-b246-c0e3629f4a30
,workday:zendesk/wd1/zendesk:R35090,A,88,Sr Director(+44) | remote(+34) | fresh(+10),remote,~Zendesk [verify],"Senior Director, Product Security","Remote, California, United States of America; Remote, New York, United States of America; Remote, Texas, United States of America; Remote, Georgia, United States of America; San Francisco, California, United States of America",,2026-06-25,https://zendesk.wd1.myworkdayjobs.com/zendesk/job/Remote-California-United-States-of-America/Senior-Director--Product-Security_R35090
,workday:servicetitan/wd1/ServiceTitan:JR115329,A,88,Sr Director(+44) | remote(+34) | fresh(+10),remote,ServiceTitan,"Senior Director, Product Management - FinTech",US Remote,,2026-07-06,https://servicetitan.wd1.myworkdayjobs.com/ServiceTitan/job/US-Remote/Senior-Director--Product-Management---FinTech_JR115329-1
,greenhouse:affirm:7801336003,A,88,Sr Director(+44) | remote(+34) | fresh(+10),remote,~Affirm [verify],"Senior Director, Product Management",Remote US,,2026-07-14,https://job-boards.greenhouse.io/affirm/jobs/7801336003
,greenhouse:automox:5362963008,A,88,Sr Director(+44) | remote(+34) | fresh(+10),remote,~Automox [verify],"Senior Director, Product Management",Remote - US,,2026-07-17,https://job-boards.greenhouse.io/automox/jobs/5362963008
,greenhouse:merceradvisors:5342844008,A,88,Sr Director(+44) | remote(+34) | fresh(+10),remote,~Mercer Advisors [verify],"Sr. Director, Product Management, UHNW Platform","Remote, USA",,2026-07-17,https://job-boards.greenhouse.io/merceradvisors/jobs/5342844008
,workday:servicetitan/wd1/ServiceTitan:JR115239,A,86,Sr Director(+44) | remote(+34) | fresh(+8),remote,ServiceTitan,"Senior Director, Product Management - Accounting",US Remote,,2026-06-26,https://servicetitan.wd1.myworkdayjobs.com/ServiceTitan/job/US-Remote/Senior-Director--Product-Management_JR115239
,greenhouse:mercury:6106974004,A,86,Head of Product(+42) | remote(+34) | fresh(+10),remote,Mercury,Head of Product - Business Lending,"San Francisco, CA, New York, NY, Portland, OR, or Remote within Canada or United States",,2026-07-01,https://job-boards.greenhouse.io/mercury/jobs/6106974004
,ashby:brigit:33bf5fb0-1b0b-46e8-ab31-fc1beb706713,A,86,VP(+42) | remote(+34) | fresh(+10),remote,~Brigit [verify],VP of Product,Remote,,2026-07-02,https://jobs.ashbyhq.com/brigit/33bf5fb0-1b0b-46e8-ab31-fc1beb706713
,greenhouse:billtrust:7792513003,A,86,VP(+42) | remote(+34) | fresh(+10),remote,Billtrust,"VP, Product Management - Payments",United States (Remote),,2026-07-02,https://www.billtrust.com/careers/job-openings/?gh_jid=7792513003
,greenhouse:billtrust:7792502003,A,86,VP(+42) | remote(+34) | fresh(+10),remote,Billtrust,"VP, Product Management - Applied Intelligence",United States (Remote),,2026-07-02,https://www.billtrust.com/careers/job-openings/?gh_jid=7792502003
,ashby:phil:462a4a4d-0c53-4f6f-b1ac-3407f6b391e8,A,86,Head of Product(+42) | remote(+34) | fresh(+10),remote,Phil (PHIL Inc),Head of Product - Market Expansion,Remote,$190K – $210K • Offers Equity,2026-07-09,https://jobs.ashbyhq.com/phil/462a4a4d-0c53-4f6f-b1ac-3407f6b391e8
,lever:pointclickcare:8ced13b9-c0b7-45fe-8039-2f2d1b7b5a28,A,86,VP(+42) | remote(+34) | fresh(+10),remote,PointClickCare,"VP, Product Delivery & Growth - AI","Remote, USA",,2026-07-09,https://jobs.lever.co/pointclickcare/8ced13b9-c0b7-45fe-8039-2f2d1b7b5a28
,workday:trimble/wd1/TrimbleCareers:R56920,A,86,Sr Director(+44) | remote(+34) | fresh(+8),remote,~Trimble Viewpoint [verify],CTCT Machine System Sr Director of Product,"US - OH, Dayton; US - Remote, IL",,2026-07-10,https://trimble.wd1.myworkdayjobs.com/TrimbleCareers/job/US---OH-Dayton/CTCT-Machine-System-Sr-Director-of-Product_R56920
,workday:nationwide/wd1/Nationwide_Career:099399,A,86,VP(+42) | remote(+34) | fresh(+10),remote,~Nationwide Financial [verify],"VP, Product Management Underwriting Performance - Excess & Surplus/Specialty and Commercial Lines","Ohio - Columbus, One Nationwide Plaza; Arizona - Scottsdale, 18700 North Hayden Road; United States - Remote; Iowa - Des Moines, 1100 Locust Street",,2026-07-21,https://nationwide.wd1.myworkdayjobs.com/Nationwide_Career/job/Ohio---Columbus-One-Nationwide-Plaza/VP--Product-Management-Underwriting-Performance---Excess---Surplus-Specialty-and-Commercial-Lines_099399
,greenhouse:ethoslife:8603350002,A,84,Director(+40) | remote(+34) | fresh(+10),remote,Ethos,"Director, Product Management",Remote US,,2026-06-22,https://job-boards.greenhouse.io/ethoslife/jobs/8603350002
,workday:outsystems/wd503/OutSystems:R1202,A,84,Director(+40) | remote(+34) | fresh(+10),remote,~OutSystems [verify],Outbound Product Management Director - Public Sector,US - Remote,,2026-06-23,https://outsystems.wd503.myworkdayjobs.com/OutSystems/job/US---Remote/Principal-Product-Manager_R1202
,workday:wexinc/wd5/WEXInc:R21657,A,84,Director(+40) | remote(+34) | fresh(+10),remote,~WEX [verify],"Director of Product, Account & Services Products",US - Remote,,2026-06-23,https://wexinc.wd5.myworkdayjobs.com/WEXInc/job/US---Remote/Director-of-Product--Account---Services-Products_R21657-1
,ashby:kin:34551772-bf4b-47d8-afe9-d368b0a63ef9,A,84,Director(+40) | remote(+34) | fresh(+10),remote,Kin (remote-US; Sr PM Platform),"Director, Product Management - Platform & Customer Lifecycle",Remote,"$188,067 – $214,200 • Offers Equity • Offers Bonus",2026-06-24,https://jobs.ashbyhq.com/kin/34551772-bf4b-47d8-afe9-d368b0a63ef9
,greenhouse:samsara:8026009,A,84,Director(+40) | remote(+34) | fresh(+10),remote,~Samsara [disc],"Sales Director, Product Specialists (Smart Trailers)",Remote - NYC,,2026-06-24,https://www.samsara.com/company/careers/roles/8026009?gh_jid=8026009
,workday:zillow/wd5/Zillow_Group_External:P750545,A,84,Director(+40) | remote(+34) | fresh(+10),remote,Zillow,"Director, Product Management - Developer Experience",Remote-USA,,2026-06-24,https://zillow.wd5.myworkdayjobs.com/Zillow_Group_External/job/Remote-USA/Director--Product-Management---Developer-Experience_P750545-1
,greenhouse:affirm:7780490003,A,84,Director(+40) | remote(+34) | fresh(+10),remote,~Affirm [verify],"Director, Product Management (Shopping & Offers)",Remote US,,2026-06-25,https://job-boards.greenhouse.io/affirm/jobs/7780490003
,lever:aledade:e9c62d9e-2c2b-42f3-8f12-5fa2ca6f5372,A,84,Director(+40) | remote(+34) | fresh(+10),remote,"Aledade, Inc.","Director of Product Management (Internal AI Product Strategy & Ops), Remote","Remote, United States",,2026-06-25,https://jobs.lever.co/aledade/e9c62d9e-2c2b-42f3-8f12-5fa2ca6f5372
,workday:alkami/wd12/Alkami:JR-000731,A,84,Director(+40) | remote(+34) | fresh(+10),remote,~Alkami Technology [verify],"Director, Product Management (Marketing)",US Remote,,2026-06-30,https://alkami.wd12.myworkdayjobs.com/Alkami/job/US-Remote/Director--Product-Management--Marketing-_JR-000731
,greenhouse:mozilla:8039910,A,84,Director(+40) | remote(+34) | fresh(+10),remote,~Mozilla [verify],"Director of Product, Gaming (New Products)",Remote,,2026-07-03,https://job-boards.greenhouse.io/mozilla/jobs/8039910
,greenhouse:ethoslife:8618599002,A,84,Director(+40) | remote(+34) | fresh(+10),remote,Ethos,"Director, Product Growth",Remote US,,2026-07-02,https://job-boards.greenhouse.io/ethoslife/jobs/8618599002
,greenhouse:censys:8569250002,A,84,Director(+40) | remote(+34) | fresh(+10),remote,~Censys [verify],"Director of Product Management, Security Operations",Remote (US/Canada),,2026-07-08,https://job-boards.greenhouse.io/censys/jobs/8569250002
,greenhouse:toast:7957617,A,84,Director(+40) | remote(+34) | fresh(+10),remote,Toast,"Director of Product Management, Lending","Remote, United States",,2026-07-08,https://careers.toasttab.com/jobs?gh_jid=7957617
,workday:teladoc/wd503/teladochealth_is_hiring:JR20708,A,84,Director(+40) | remote(+34) | fresh(+10),remote,Teladoc Health,"Director, Product Enablement & Operations",USA - Any Location (Remote),,2026-07-08,https://teladoc.wd503.myworkdayjobs.com/teladochealth_is_hiring/job/USA---Any-Location-Remote/Director--Product-Enablement---Operations_JR20708
,greenhouse:webflow:8054253,A,84,Director(+40) | remote(+34) | fresh(+10),remote,~Webflow [verify],"Director of Product, Infrastructure and Developer Productivity",CA Remote (BC & ON only); U.S. Remote,,2026-07-09,https://job-boards.greenhouse.io/webflow/jobs/8054253
,ashby:hims-and-hers:94bf83b1-091c-4949-b6cc-affaf2af5a03,A,84,Director(+40) | remote(+34) | fresh(+10),remote,Hims & Hers,"Director, Product & Marketing Analytics",US Remote,$210K – $260K • Offers Equity,2026-07-09,https://jobs.ashbyhq.com/hims-and-hers/94bf83b1-091c-4949-b6cc-affaf2af5a03
,greenhouse:pindropsecurity:8031821,A,84,Director(+40) | remote(+34) | fresh(+10),remote,~Pindrop [verify],"Director, Product Management",US - Remote; US-Remote,,2026-07-09,https://www.pindrop.com/careers/job-title/?gh_jid=8031821
,workday:pax8inc/wd12/Pax8Careers:R-102041,A,84,Director(+40) | remote(+34) | fresh(+10),remote,~Pax8 [verify],Director of Product Management,Remote - US,,2026-07-10,https://pax8inc.wd12.myworkdayjobs.com/Pax8Careers/job/Remote---US/Director-of-Product-Management_R-102041-1
,workday:markelcorp/wd5/GlobalCareers:R0022853,A,84,Director(+40) | remote(+34) | fresh(+10),remote,~Markel [verify],"Director, Product - Small Commercial","Richmond, VA; Remote USA; Omaha NE; New York NY; Denver CO; Henderson NV; Cranston RI; Boston MA; Chicago IL; Tampa FL",,2026-07-13,https://markelcorp.wd5.myworkdayjobs.com/GlobalCareers/job/Richmond-VA/Director--Product---Small-Commercial_R0022853
,greenhouse:merceradvisors:5279850008,A,84,Director(+40) | remote(+34) | fresh(+10),remote,~Mercer Advisors [verify],"Director, Product Management (Advisor Experience)","Remote, USA",,2026-07-14,https://job-boards.greenhouse.io/merceradvisors/jobs/5279850008
,greenhouse:engine:7780345003,A,84,Director(+40) | remote(+34) | fresh(+10),remote,~Engine [verify],Director Product Partnerships,Remote - US,,2026-07-20,https://job-boards.greenhouse.io/engine/jobs/7780345003
,greenhouse:iherb:7779163003,A,82,Director(+40) | remote(+34) | fresh(+8),remote,iHerb,"Director, Product Management - Global Store Discovery",United States of America - Remote / Home Office,,2026-06-19,https://job-boards.greenhouse.io/iherb/jobs/7779163003
,greenhouse:mavenclinic:8584508002,A,82,VP(+42) | remote(+34) | fresh(+6),remote,Maven Clinic,"VP of Product, Healthcare","San Francisco, CA; Remote, US",,2026-06-18,https://job-boards.greenhouse.io/mavenclinic/jobs/8584508002
,lever:voltus:a7d9918d-c8e1-4009-872e-98953b4986e6,A,77,Director(+40) | remote(+34) | fresh(+3),remote,~Voltus [disc],"Director of Product, Customer Experience",Remote,,2026-06-17,https://jobs.lever.co/voltus/a7d9918d-c8e1-4009-872e-98953b4986e6
,greenhouse:onespan:8009508,A,77,Director(+40) | remote(+34) | fresh(+3),remote,~OneSpan [verify],"Director, Product Management",United States - Remote,,2026-06-16,https://www.onespan.com/about/careers/job/8009508?gh_jid=8009508
,greenhouse:materialbank:7692513003,A,77,Director(+40) | remote(+34) | fresh(+3),remote,Material Bank,"Director, Product",Remote,,2026-06-16,https://boards.greenhouse.io/materialbank/jobs/7692513003?gh_jid=7692513003
,ashby:sandboxaq:f6ca21d4-2dde-49c3-a6ac-f24906bb0e47,A,66,Sr Director(+44) | loc? (bare US)(+12) | fresh(+10),remote,SandboxAQ,"Sr. Director of Product Management, Core Platform",United States,$188.8K – $354K • Multiple Ranges,2026-07-09,https://jobs.ashbyhq.com/sandboxaq/f6ca21d4-2dde-49c3-a6ac-f24906bb0e47
,greenhouse:unframe:4927412101,B,78,Group PM(+34) | remote(+34) | fresh(+10),remote,Unframe,"Group Product Manager, Product Solutions (Remote)","New York, New York, United States",,2026-07-14,https://job-boards.eu.greenhouse.io/unframe/jobs/4927412101
,ashby:butterflymx:bd377d02-2944-42ed-be6c-e6fad25236aa,B,78,Principal PM(+34) | remote(+34) | fresh(+10),remote,ButterflyMX,"Principal Product Manager, Acquisition Products",US Remote,,2026-06-24,https://jobs.ashbyhq.com/butterflymx/bd377d02-2944-42ed-be6c-e6fad25236aa
,ashby:phil:deb88678-8fa1-4f21-acf8-470c7cb96799,B,78,Principal PM(+34) | remote(+34) | fresh(+10),remote,Phil (PHIL Inc),"Principal Product Manager, Integrations",Remote,$190K – $210K • Offers Equity,2026-06-24,https://jobs.ashbyhq.com/phil/deb88678-8fa1-4f21-acf8-470c7cb96799
,greenhouse:instacart:8024357,B,78,Principal PM(+34) | remote(+34) | fresh(+10),remote,~Instacart [disc],"Principal Product Manager, AI",United States - Remote,,2026-06-24,https://instacart.careers/job/?gh_jid=8024357
,ashby:butterflymx:c7e2530c-bbcb-4c2b-8df7-9d6d3761f514,B,78,Principal PM(+34) | remote(+34) | fresh(+10),remote,ButterflyMX,"Principal Product Manager, Mobile Products",US Remote,,2026-06-24,https://jobs.ashbyhq.com/butterflymx/c7e2530c-bbcb-4c2b-8df7-9d6d3761f514
,workday:zillow/wd5/Zillow_Group_External:P750412,B,78,Principal PM(+34) | remote(+34) | fresh(+10),remote,Zillow,Principal Product Manager,Remote-USA,,2026-06-24,https://zillow.wd5.myworkdayjobs.com/Zillow_Group_External/job/Remote-USA/Principal-Product-Manager_P750412-1
,workday:zillow/wd5/Zillow_Group_External:P750419,B,78,Principal PM(+34) | remote(+34) | fresh(+10),remote,Zillow,"Principal Product Manager, Monetization",Remote-USA,,2026-06-24,https://zillow.wd5.myworkdayjobs.com/Zillow_Group_External/job/Remote-USA/Principal-Product-Manager--Monetization_P750419-1
,workday:zillow/wd5/Zillow_Group_External:P750355,B,78,Principal PM(+34) | remote(+34) | fresh(+10),remote,Zillow,"Principal Product Manager, Renter Transactions & Partner Integrations",Remote-USA,,2026-06-24,https://zillow.wd5.myworkdayjobs.com/Zillow_Group_External/job/Remote-USA/Principal-Product-Manager--Renter-Transactions---Partner-Integrations_P750355-1
,workday:adobe/wd5/external_experienced:R169244,B,78,Principal PM(+34) | remote(+34) | fresh(+10),remote,~Adobe Substance 3D [verify],"Principal Product Manager, Graph",Remote California; Seattle; San Francisco,,2026-06-25,https://adobe.wd5.myworkdayjobs.com/external_experienced/job/Remote-California/Principal-Product-Manager--Graph_R169244
,workday:alkami/wd12/Alkami:JR-000733,B,78,Principal PM(+34) | remote(+34) | fresh(+10),remote,~Alkami Technology [verify],"Principal Product Manager, DSSP",US Remote,,2026-06-26,https://alkami.wd12.myworkdayjobs.com/Alkami/job/US-Remote/Principal-Product-Manager--DSSP_JR-000733
,ashby:hopper:8e8ef9a0-a7b0-4469-926d-a80a7f441038,B,78,Principal PM(+34) | remote(+34) | fresh(+10),remote,Hopper,Principal Product Manager - AI Travel (100% Remote - USA),Washington D.C. - Remote,$150K – $350K • Offers Equity,2026-06-29,https://jobs.ashbyhq.com/hopper/8e8ef9a0-a7b0-4469-926d-a80a7f441038
,lever:findem:d1f48556-a8c9-46b7-b089-4317ec2dd280,B,78,Principal PM(+34) | remote(+34) | fresh(+10),remote,~Findem [verify],Principal Product Manager,US (Remote),,2026-07-01,https://jobs.lever.co/findem/d1f48556-a8c9-46b7-b089-4317ec2dd280
,greenhouse:gitlab:8597813002,B,78,Principal PM(+34) | remote(+34) | fresh(+10),remote,GitLab,"Principal Product Manager, Engineering Intelligence & Insights","Remote, Canada; Remote, US",,2026-07-02,https://job-boards.greenhouse.io/gitlab/jobs/8597813002
,greenhouse:pandadoc:8041095,B,78,Principal PM(+34) | remote(+34) | fresh(+10),remote,PandaDoc (remote-US),"Principal Product Manager, Mobile & UI Platform",Remote (Europe),,2026-07-02,https://job-boards.greenhouse.io/pandadoc/jobs/8041095
,ashby:jellyfish:50f6a8f7-b986-4f81-bffe-9c15554782f4,B,78,Group PM(+34) | remote(+34) | fresh(+10),remote,~Jellyfish [verify],Group Product Manager,Remote - US,$175K – $225K • Offers Equity,2026-07-07,https://jobs.ashbyhq.com/jellyfish/50f6a8f7-b986-4f81-bffe-9c15554782f4
,greenhouse:coinbase:8060662,B,78,Group PM(+34) | remote(+34) | fresh(+10),remote,~Coinbase [verify],"Group Product Manager, Compliance Agent Experience",Remote - USA,,2026-07-14,https://www.coinbase.com/careers/positions/8060662?gh_jid=8060662
,greenhouse:upstart:8059660,B,78,Principal PM(+34) | remote(+34) | fresh(+10),remote,~Upstart [verify],"Principal Product Manager, Monetization",United States | Remote,,2026-07-13,https://careers.upstart.com/jobs?gh_jid=8059660
,ashby:simspace-corporation:1c84d6c1-208d-48ec-88b1-5158b3834f41,B,78,Principal PM(+34) | remote(+34) | fresh(+10),remote,SimSpace,Principal Product Manager,Remote - U.S.,$215K – $250K • Offers Equity • Offers Bonus,2026-07-15,https://jobs.ashbyhq.com/simspace-corporation/1c84d6c1-208d-48ec-88b1-5158b3834f41
,greenhouse:materialbank:7805229003,B,78,Principal PM(+34) | remote(+34) | fresh(+10),remote,Material Bank,Lead/Principal Product Manager,Remote,,2026-07-15,https://boards.greenhouse.io/materialbank/jobs/7805229003?gh_jid=7805229003
,greenhouse:fleetio:5188640007,B,78,Principal PM(+34) | remote(+34) | fresh(+10),remote,~Fleetio [verify],"Principal Product Manager, Telematics & Connected Ecosystem","Remote - USA, CAN, MEX",,2026-07-16,https://job-boards.greenhouse.io/fleetio/jobs/5188640007
,greenhouse:datavant2:5282317008,B,78,Principal PM(+34) | remote(+34) | fresh(+10),remote,~Datavant [verify],"Principal Product Manager, Interoperability",Remote - United States,,2026-07-16,https://www.datavant.com/about/careers/open-roles/job?gh_jid=5282317008
,greenhouse:paynearmeinc:4323391009,B,78,Principal PM(+34) | remote(+34) | fresh(+10),remote,PayNearMe (remote-US),Principal Data Product Manager,Remote,,2026-07-17,https://job-boards.greenhouse.io/paynearmeinc/jobs/4323391009
,greenhouse:upstart:8075070,B,78,Principal PM(+34) | remote(+34) | fresh(+10),remote,~Upstart [verify],"Principal Product Manager, Communications Platform",United States | Remote,,2026-07-20,https://careers.upstart.com/jobs?gh_jid=8075070
,greenhouse:twilio:8069243,B,78,Principal PM(+34) | remote(+34) | fresh(+10),remote,Twilio,"Principal Product Manager, Enterprise Commerce Platform",Remote - US,,2026-07-21,https://job-boards.greenhouse.io/twilio/jobs/8069243
,greenhouse:twilio:8069245,B,78,Principal PM(+34) | remote(+34) | fresh(+10),remote,Twilio,Principal Product Manager - Product Catalog,Remote - US,,2026-07-21,https://job-boards.greenhouse.io/twilio/jobs/8069245
,greenhouse:coinbase:8017607,B,76,Group PM(+34) | remote(+34) | fresh(+8),remote,~Coinbase [verify],"Group Product Manager, Developer Infrastructure",Remote - USA,,2026-06-19,https://www.coinbase.com/careers/positions/8017607?gh_jid=8017607
,ashby:headway:82fd0412-e0fd-495d-9bde-9bdd274f43f8,B,76,Staff PM(+32) | remote(+34) | fresh(+10),remote,Headway,"Staff Product Manager, AI Patient Experience",Remote,$265.2K – $331.5K,2026-06-24,https://jobs.ashbyhq.com/headway/82fd0412-e0fd-495d-9bde-9bdd274f43f8
,greenhouse:ecoatmgazelle:5252582008,B,76,Staff PM(+32) | remote(+34) | fresh(+10),remote,ecoATM Gazelle,Staff Product Manager - Kiosk Hardware,Remote,,2026-06-23,https://job-boards.greenhouse.io/ecoatmgazelle/jobs/5252582008
,ashby:1password:5658b4d5-61c2-41bb-94cb-8be7798aefdd,B,76,Staff PM(+32) | remote(+34) | fresh(+10),remote,~1Password [verify],"Staff Product Manager, Authentication",Remote (United States | Canada),,2026-06-30,https://jobs.ashbyhq.com/1password/5658b4d5-61c2-41bb-94cb-8be7798aefdd
,ashby:1password:56ffab65-2953-42ee-ae84-04c3e9d9c38c,B,76,Staff PM(+32) | remote(+34) | fresh(+10),remote,~1Password [verify],"Staff Product Manager, Developer Workflows",Remote (United States | Canada),,2026-06-29,https://jobs.ashbyhq.com/1password/56ffab65-2953-42ee-ae84-04c3e9d9c38c
,ashby:hims-and-hers:e809a108-e72b-45c1-b2c4-aad645a00772,B,76,Lead PM(+32) | remote(+34) | fresh(+10),remote,Hims & Hers,"Lead Product Manager, Consumer Apps",US Remote,$160K – $210K • Offers Equity,2026-06-29,https://jobs.ashbyhq.com/hims-and-hers/e809a108-e72b-45c1-b2c4-aad645a00772
,workday:humana/wd5/Humana_External_Career_Site:R-413700,B,76,Lead PM(+32) | remote(+34) | fresh(+10),remote,Humana,Lead Product Manager – Customer Identity Access Management,Remote Nationwide,,2026-06-29,https://humana.wd5.myworkdayjobs.com/Humana_External_Career_Site/job/Remote-Nationwide/Lead-Product-Manager---Customer-Identity-Access-Management_R-413700
,workday:humana/wd5/Humana_External_Career_Site:R-421877,B,76,Lead PM(+32) | remote(+34) | fresh(+10),remote,Humana,Lead Product Manager,Remote Nationwide,,2026-07-20,https://humana.wd5.myworkdayjobs.com/Humana_External_Career_Site/job/Remote-Nationwide/Lead-Product-Manager_R-421877
,workday:humana/wd5/Humana_External_Career_Site:R-418940,B,76,Lead PM(+32) | remote(+34) | fresh(+10),remote,Humana,Lead Product Manager - Adobe Experience Platform NBA,Remote Nationwide,,2026-06-30,https://humana.wd5.myworkdayjobs.com/Humana_External_Career_Site/job/Remote-Nationwide/Lead-Product-Manager---Adobe-Experience-Platform-NBA_R-418940
,greenhouse:webflow:8038479,B,76,Staff PM(+32) | remote(+34) | fresh(+10),remote,~Webflow [verify],"Staff Product Manager, Governance",CA Remote (BC & ON only); U.S. Remote,,2026-07-01,https://job-boards.greenhouse.io/webflow/jobs/8038479
,ashby:onebrief:a5da0fa3-8e3b-45bb-ba5c-a4b164632aa7,B,76,Staff PM(+32) | remote(+34) | fresh(+10),remote,~Onebrief [verify],Staff Product Manager,United States | Remote,$205K – $255K • Offers Equity,2026-07-06,https://jobs.ashbyhq.com/onebrief/a5da0fa3-8e3b-45bb-ba5c-a4b164632aa7
,greenhouse:pinterest:7494932,B,76,Staff PM(+32) | remote(+34) | fresh(+10),remote,~Pinterest [disc],"Staff Product Manager, Advertiser Experience","San Francisco, CA, US; Seattle, WA, US; Remote, CA, US",,2026-07-08,https://www.pinterestcareers.com/jobs/?gh_jid=7494932
,greenhouse:gitlab:8612937002,B,76,Staff PM(+32) | remote(+34) | fresh(+10),remote,GitLab,"Staff Product Manager,  RevOps & Finance Systems","Remote, US",,2026-07-08,https://job-boards.greenhouse.io/gitlab/jobs/8612937002
,greenhouse:webflow:8054709,B,76,Staff PM(+32) | remote(+34) | fresh(+10),remote,~Webflow [verify],"Staff Product Manager, AI",CA Remote (BC & ON only); U.S. Remote,,2026-07-10,https://job-boards.greenhouse.io/webflow/jobs/8054709
,greenhouse:cookunity:7764244003,B,76,Staff PM(+32) | remote(+34) | fresh(+10),remote,CookUnity,"Staff Product Manager, Strategic Partnerships","New York, New York, United States; United States (Remote)",,2026-07-10,https://careers.cookunity.com/open-roles?gh_jid=7764244003
,workday:servicetitan/wd1/ServiceTitan:JR114921,B,76,Group PM(+34) | remote(+34) | fresh(+8),remote,ServiceTitan,"Group Product Manager, Ads Product & Platform",US Remote,,2026-07-10,https://servicetitan.wd1.myworkdayjobs.com/ServiceTitan/job/US-Remote/Group-Product-Manager_JR114921
,greenhouse:reddit:8060091,B,76,Staff PM(+32) | remote(+34) | fresh(+10),remote,~Reddit [disc],"Staff Product Manager, Games Ecosystem",Remote - United States,,2026-07-17,https://job-boards.greenhouse.io/reddit/jobs/8060091
,greenhouse:reddit:8070669,B,76,Staff PM(+32) | remote(+34) | fresh(+10),remote,~Reddit [disc],"Staff Product Manager, Ads Trust and Safety",Remote - United States,,2026-07-21,https://job-boards.greenhouse.io/reddit/jobs/8070669
,ashby:render:3ec7433c-efbc-42f2-8f28-b8eca42f384c,B,76,Staff PM(+32) | remote(+34) | fresh(+10),remote,Render,Staff Product Manager - Agent & Systems Observability,Remote: United States,$218K – $300K • Offers Equity,2026-07-21,https://jobs.ashbyhq.com/render/3ec7433c-efbc-42f2-8f28-b8eca42f384c
,ashby:render:d0860ea9-fdbd-4a66-82bc-1d75228cf594,B,76,Staff PM(+32) | remote(+34) | fresh(+10),remote,Render,Staff Product Manager - Datastores (Postgres Specialist),Remote: United States,$218K – $300K • Offers Equity,2026-07-21,https://jobs.ashbyhq.com/render/d0860ea9-fdbd-4a66-82bc-1d75228cf594
,greenhouse:phaidra:4716415005,B,76,Staff PM(+32) | remote(+34) | fresh(+10),remote,~Phaidra [verify],Staff Product Manager,Remote - US/Canada (Eastern or Central Time),,2026-07-21,https://job-boards.greenhouse.io/phaidra/jobs/4716415005
,greenhouse:mavenclinic:8599707002,B,74,Group PM(+34) | remote(+34) | fresh(+6),remote,Maven Clinic,"Group Product Manager, Client Services","San Francisco, CA; Remote, US",,2026-06-18,https://job-boards.greenhouse.io/mavenclinic/jobs/8599707002
,workday:humana/wd5/Humana_External_Career_Site:R-420397,B,74,Lead PM(+32) | remote(+34) | fresh(+8),remote,Humana,Lead Digital Product Manager,Remote Nationwide,,2026-06-26,https://humana.wd5.myworkdayjobs.com/Humana_External_Career_Site/job/Remote-Nationwide/Lead-Digital-Product-Manager_R-420397
,greenhouse:affirm:7776437003,B,72,Staff PM(+32) | remote(+34) | fresh(+6),remote,~Affirm [verify],"Staff Product Manager, App Platform & Experience",Remote US,,2026-06-18,https://job-boards.greenhouse.io/affirm/jobs/7776437003
,greenhouse:mavenclinic:8599673002,B,72,Staff PM(+32) | remote(+34) | fresh(+6),remote,Maven Clinic,"Senior Staff Product Manager, AI Experience","San Francisco, CA; Remote, US",,2026-06-18,https://job-boards.greenhouse.io/mavenclinic/jobs/8599673002
,greenhouse:mavenclinic:8599670002,B,72,Staff PM(+32) | remote(+34) | fresh(+6),remote,Maven Clinic,"Senior Staff Product Manager, Fertility & Family Building","San Francisco, CA; Remote, US",,2026-06-18,https://job-boards.greenhouse.io/mavenclinic/jobs/8599670002
,greenhouse:ziprecruiter:8014711,B,72,Lead PM(+32) | remote(+34) | fresh(+6),remote,ZipRecruiter,"Lead Product Manager, Employer Acquisition","Santa Monica, CA/Remote",,2026-06-18,https://job-boards.greenhouse.io/ziprecruiter/jobs/8014711
,greenhouse:smartsheet:8014598,B,72,Senior PM(+28) | remote(+34) | fresh(+10),remote,Smartsheet,Sr. Product Manager II - AI Platform (Remote Eligible),"-REMOTE, USA-",,2026-06-22,https://job-boards.greenhouse.io/smartsheet/jobs/8014598
,greenhouse:mercury:6098827004,B,72,Senior PM(+28) | remote(+34) | fresh(+10),remote,Mercury,Senior Product Manager - Business Lending,"San Francisco, CA, New York, NY, Portland, OR, or Remote within Canada or United States",,2026-06-22,https://job-boards.greenhouse.io/mercury/jobs/6098827004
,greenhouse:nmi:5265196008,B,72,Senior PM(+28) | remote(+34) | fresh(+10),remote,NMI,"Senior Product Manager, Market Expansion – Merchant Central","Canada - Remote, US - Remote",,2026-06-24,https://job-boards.greenhouse.io/nmi/jobs/5265196008
,workday:servicetitan/wd1/ServiceTitan:JR114806,B,72,Senior PM(+28) | remote(+34) | fresh(+10),remote,ServiceTitan,"Senior Product Manager, Exteriors",US Remote,,2026-06-23,https://servicetitan.wd1.myworkdayjobs.com/ServiceTitan/job/US-Remote/Senior-Product-Manager_JR114806
,workday:servicetitan/wd1/ServiceTitan:JR114521,B,72,Senior PM(+28) | remote(+34) | fresh(+10),remote,ServiceTitan,"Senior Product Manager, Customer Lifecycle",US Remote,,2026-06-23,https://servicetitan.wd1.myworkdayjobs.com/ServiceTitan/job/US-Remote/Senior-Product-Manager_JR114521
,greenhouse:veeamsoftware:4743720101,B,72,Senior PM(+28) | remote(+34) | fresh(+10),remote,~Veeam Software [verify],"Senior Product manager, Product App Sec","Remote, United States",,2026-06-24,https://job-boards.eu.greenhouse.io/veeamsoftware/jobs/4743720101
,greenhouse:instacart:8024428,B,72,Senior PM(+28) | remote(+34) | fresh(+10),remote,~Instacart [disc],"Senior Product Manager, AI",United States - Remote,,2026-06-24,https://instacart.careers/job/?gh_jid=8024428
,greenhouse:seranking:5276363008,B,72,Senior PM(+28) | remote(+34) | fresh(+10),remote,~SE Ranking [verify],Senior Product Manager — SEO Projects & Local Marketing,Europe - Remote,,2026-06-24,https://seranking.com/careers.html/?gh_jid=5276363008
,workday:zillow/wd5/Zillow_Group_External:P749459,B,72,Senior PM(+28) | remote(+34) | fresh(+10),remote,Zillow,"Senior Product Manager, Workday",Remote-USA,,2026-06-24,https://zillow.wd5.myworkdayjobs.com/Zillow_Group_External/job/Remote-USA/Senior-Product-Manager--Workday_P749459-2
,workday:zillow/wd5/Zillow_Group_External:P750062,B,72,Senior PM(+28) | remote(+34) | fresh(+10),remote,Zillow,"Senior Product Manager, AI Platform & Ecosystem",Remote-USA,,2026-06-24,https://zillow.wd5.myworkdayjobs.com/Zillow_Group_External/job/Remote-USA/Senior-Product-Manager--AI-Platform---Ecosystem_P750062
,workday:zillow/wd5/Zillow_Group_External:P750065,B,72,Senior PM(+28) | remote(+34) | fresh(+10),remote,Zillow,"Senior Product Manager, Search & Evaluate - StreetEasy",Remote-USA,,2026-06-24,https://zillow.wd5.myworkdayjobs.com/Zillow_Group_External/job/Remote-USA/Senior-Product-Manager--Search---Evaluate---StreetEasy_P750065-1
,workday:zillow/wd5/Zillow_Group_External:P750354,B,72,Senior PM(+28) | remote(+34) | fresh(+10),remote,Zillow,"Senior Product Manager, Mortgage Experience and Manufacturing",Remote-USA,,2026-06-24,https://zillow.wd5.myworkdayjobs.com/Zillow_Group_External/job/Remote-USA/Senior-Product-Manager_P750354-1
,workday:zillow/wd5/Zillow_Group_External:P750290,B,72,Product Eng/Builder (Sr-equiv)(+28) | remote(+34) | fresh(+10),remote,Zillow,"Senior AI-Native Product Engineer, Mobile",Remote-USA,,2026-06-24,https://zillow.wd5.myworkdayjobs.com/Zillow_Group_External/job/Remote-USA/Senior-AI-Native-Product-Engineer--Mobile_P750290-2
,workday:zillow/wd5/Zillow_Group_External:P750295,B,72,Product Eng/Builder (Sr-equiv)(+28) | remote(+34) | fresh(+10),remote,Zillow,"Senior AI-Native Product Engineer, Full Stack",Remote-USA,,2026-06-24,https://zillow.wd5.myworkdayjobs.com/Zillow_Group_External/job/Remote-USA/Senior-AI-Native-Product-Engineer--Full-Stack_P750295-1
,greenhouse:samsara:8017174,B,72,Senior PM(+28) | remote(+34) | fresh(+10),remote,~Samsara [disc],Senior Business Technology Product Manager- Supply Chain,Remote - US,,2026-06-25,https://www.samsara.com/company/careers/roles/8017174?gh_jid=8017174
,greenhouse:alphasense:8596193002,B,72,Senior PM(+28) | remote(+34) | fresh(+10),remote,AlphaSense,Senior Product Manager - AI Workflows (Expert Research),"New York, New York, United States; Remote - United States",,2026-06-25,https://job-boards.greenhouse.io/alphasense/jobs/8596193002
,greenhouse:invoca:8606856002,B,72,Senior PM(+28) | remote(+34) | fresh(+10),remote,~Invoca [verify],"Senior Product Manager, Data Platform & Intelligence",US-Remote,,2026-06-25,https://www.invoca.com/company/job-listings/?gh_jid=8606856002
,workday:teladoc/wd503/teladochealth_is_hiring:JR20580,B,72,Senior PM(+28) | remote(+34) | fresh(+10),remote,Teladoc Health,"Senior Product Manager, Clinical Optimization",USA - Any Location (Remote),,2026-06-25,https://teladoc.wd503.myworkdayjobs.com/teladochealth_is_hiring/job/USA---Any-Location-Remote/Senior-Product-Manager--Clinical-Optimization_JR20580
,greenhouse:ezcaterinc:5175483007,B,72,Senior PM(+28) | remote(+34) | fresh(+10),remote,ezCater,"Senior Product Manager, Data Platform (Remote)","Boston, MA",,2026-06-26,https://job-boards.greenhouse.io/ezcaterinc/jobs/5175483007
,ashby:vetcove:1317723a-9ef2-4975-97d1-aab31e09189a,B,72,Senior PM(+28) | remote(+34) | fresh(+10),remote,Vetcove,Senior Product Manager,Remote,,2026-07-21,https://jobs.ashbyhq.com/vetcove/1317723a-9ef2-4975-97d1-aab31e09189a
,workday:clio/wd3/ClioCareerSite:REQ-4759,B,72,Senior PM(+28) | remote(+34) | fresh(+10),remote,Clio,"Senior Product Manager, Onboarding and Activation",Vancouver; New York; Remote - USA; Remote - Canada,,2026-06-27,https://clio.wd3.myworkdayjobs.com/ClioCareerSite/job/Vancouver/Senior-Product-Manager_REQ-4759
,greenhouse:affirm:7773691003,B,72,Senior PM(+28) | remote(+34) | fresh(+10),remote,~Affirm [verify],"Senior Product Manager, Credit & Pricing",Remote US,,2026-06-29,https://job-boards.greenhouse.io/affirm/jobs/7773691003
,greenhouse:roblox:8029693,B,72,Senior PM(+28) | remote(+34) | fresh(+10),remote,~Roblox [disc],"Sr Product Manager, Ads & Brands",Remote,,2026-06-29,https://careers.roblox.com/jobs/8029693?gh_jid=8029693
,ashby:1password:c6fc16b0-bb5b-48f1-994d-d69e07846bc8,B,72,Senior PM(+28) | remote(+34) | fresh(+10),remote,~1Password [verify],"Senior Product Manager, Machine Identity",Remote (United States | Canada),,2026-06-29,https://jobs.ashbyhq.com/1password/c6fc16b0-bb5b-48f1-994d-d69e07846bc8
,ashby:delinea:2d9275b2-6149-4ffe-b2ff-1775ffba3898,B,72,Senior PM(+28) | remote(+34) | fresh(+10),remote,~Delinea [verify],Senior Product Manager - Workforce,U.S. Remote,,2026-06-29,https://jobs.ashbyhq.com/delinea/2d9275b2-6149-4ffe-b2ff-1775ffba3898
,greenhouse:samsara:8035756,B,72,Senior PM(+28) | remote(+34) | fresh(+10),remote,~Samsara [disc],Senior Product Manager,Remote - US,,2026-06-30,https://www.samsara.com/company/careers/roles/8035756?gh_jid=8035756
,greenhouse:triafederal:5255117008,B,72,Senior PM(+28) | remote(+34) | fresh(+10),remote,~Tria Federal (Tria) [disc],Senior Product Manager - Health Insurance Policy SME,Remote (United States),,2026-07-01,https://triafed.com/jobs/?gh_jid=5255117008
,greenhouse:affirm:7786007003,B,72,Senior PM(+28) | remote(+34) | fresh(+10),remote,~Affirm [verify],"Senior Product Manager, Capital",Remote US,,2026-07-01,https://job-boards.greenhouse.io/affirm/jobs/7786007003
,greenhouse:cresta:5288477008,B,72,Product Eng/Builder (Sr-equiv)(+28) | remote(+34) | fresh(+10),remote,Cresta,"Senior Product Engineer, Cresta Labs",United States (Remote),,2026-07-01,https://job-boards.greenhouse.io/cresta/jobs/5288477008
,greenhouse:remotecom:7791136003,B,72,Senior PM(+28) | remote(+34) | fresh(+10),remote,Remote,"Senior Product Manager, HRIS Integrations",Remote-EMEA,,2026-07-01,https://job-boards.greenhouse.io/remotecom/jobs/7791136003
,greenhouse:remotecom:7792448003,B,72,Senior PM(+28) | remote(+34) | fresh(+10),remote,Remote,"Senior Product Manager, Reporting & Insights",Remote Global,,2026-07-03,https://job-boards.greenhouse.io/remotecom/jobs/7792448003
,greenhouse:instacart:8044197,B,72,Senior PM(+28) | remote(+34) | fresh(+10),remote,~Instacart [disc],"Senior Product Manager, Growth Marketing Platform",United States - Remote,,2026-07-02,https://instacart.careers/job/?gh_jid=8044197
,greenhouse:datavant2:5286336008,B,72,Senior PM(+28) | remote(+34) | fresh(+10),remote,~Datavant [verify],"Senior Product Manager, ROI Platform",Remote - United States,,2026-07-02,https://www.datavant.com/about/careers/open-roles/job?gh_jid=5286336008
,greenhouse:datavant2:5286325008,B,72,Senior PM(+28) | remote(+34) | fresh(+10),remote,~Datavant [verify],"Senior Product Manager, ROI Reporting and Data",Remote - United States,,2026-07-02,https://www.datavant.com/about/careers/open-roles/job?gh_jid=5286325008
,ashby:moxie:c9963965-f97b-4f27-a282-39478e87b514,B,72,Product Eng/Builder (Sr-equiv)(+28) | remote(+34) | fresh(+10),remote,Moxie (remote-US),Senior Product Engineer,Remote - Global,$77K – $130K • Multiple Ranges,2026-07-07,https://jobs.ashbyhq.com/moxie/c9963965-f97b-4f27-a282-39478e87b514
,greenhouse:gitlab:8597805002,B,72,Senior PM(+28) | remote(+34) | fresh(+10),remote,GitLab,"Senior Product Manager, Plan to Code","Remote, Canada; Remote, US",,2026-07-07,https://job-boards.greenhouse.io/gitlab/jobs/8597805002
,greenhouse:fleetio:5181811007,B,72,Senior PM(+28) | remote(+34) | fresh(+10),remote,~Fleetio [verify],"Senior Product Manager, Maintenance","Remote - USA, CAN, MEX",,2026-07-07,https://job-boards.greenhouse.io/fleetio/jobs/5181811007
,greenhouse:tekion:7804972003,B,72,Senior PM(+28) | remote(+34) | fresh(+10),remote,~Tekion Corp [verify],Senior Product Manager,"Remote, United States",,2026-07-14,https://job-boards.greenhouse.io/tekion/jobs/7804972003
,workday:ancestry/wd501/Careers:R003393,B,72,Senior PM(+28) | remote(+34) | fresh(+10),remote,"Ancestry (Lehi, UT)","Senior Product Manager, Genetic Genealogy",Remote,,2026-07-07,https://ancestry.wd501.myworkdayjobs.com/Careers/job/Remote/Senior-Product-Manager--Genetic-Genealogy_R003393
,greenhouse:supplyhouse:6099550004,B,72,Senior PM(+28) | remote(+34) | fresh(+10),remote,~SupplyHouse.com [disc],Senior Product Manager,"Remote, Remote, United States",,2026-07-08,https://boards.greenhouse.io/supplyhouse/jobs/6099550004?gh_jid=6099550004
,ashby:vanta:7816b5fe-e916-43b8-9200-d0d45298ba9f,B,72,Senior PM(+28) | remote(+34) | fresh(+10),remote,Vanta,"Senior Product Manager, GRC Platform",Remote U.S.,"$207K – $244K • Offers Equity • This role is also eligible for medical benefits, 401(k) plan, and other company perk programs.",2026-07-09,https://jobs.ashbyhq.com/vanta/7816b5fe-e916-43b8-9200-d0d45298ba9f
,workday:fico/wd1/External:31568,B,72,Senior PM(+28) | remote(+34) | fresh(+10),remote,FICO,"Sr Product Manager, B2B Scores-Mortgage","Work from Home, United States",,2026-07-09,https://fico.wd1.myworkdayjobs.com/External/job/Work-from-Home-United-States/Sr-Product-Manager--B2B-Scores-Mortgage_31568
,workday:becu/wd1/External:R-13533,B,72,Senior PM(+28) | remote(+34) | fresh(+10),remote,~BECU [verify],Sr Product Manager – Deposit Growth & Execution,"Remote, WA; Remote, TX; Remote, CA; Remote, ID; Remote, SC; Remote, OR; Remote, VA; Remote, NC; Remote, GA; Remote, AZ",,2026-07-09,https://becu.wd1.myworkdayjobs.com/External/job/Remote-WA/Sr-Product-Manager---Consumer---Business-Savings_R-13533
,ashby:gamechanger:d2a551de-832d-4bb4-9c6b-e0119c1e632d,B,72,Senior PM(+28) | remote(+34) | fresh(+10),remote,GameChanger,"Senior Product Manager, Basketball",GameChanger Remote - US,$160K – $180K • Offers Equity • Offers Bonus,2026-07-10,https://jobs.ashbyhq.com/gamechanger/d2a551de-832d-4bb4-9c6b-e0119c1e632d
,greenhouse:rithum:8054599,B,72,Senior PM(+28) | remote(+34) | fresh(+10),remote,~Rithum [disc],Senior Product Manager,United States - Remote,,2026-07-10,https://job-boards.greenhouse.io/rithum/jobs/8054599
,ashby:delinea:e92e9cf9-ee62-4981-abc6-93a8876666f6,B,72,Senior PM(+28) | remote(+34) | fresh(+10),remote,~Delinea [verify],Senior Product Manager - Delinea Desktop Client,U.S. Remote,$130K – $162K • Offers Equity • Offers Bonus,2026-07-10,https://jobs.ashbyhq.com/delinea/e92e9cf9-ee62-4981-abc6-93a8876666f6
,greenhouse:apolloio:6112208004,B,72,Senior PM(+28) | remote(+34) | fresh(+10),remote,Apollo.io,"Senior Product Builder (Product Manager), Enterprise Readiness & Admin Platform","Remote, Canada; Remote, United States",,2026-07-10,https://job-boards.greenhouse.io/apolloio/jobs/6112208004
,workday:pax8inc/wd12/Pax8Careers:R-101799,B,72,Senior PM(+28) | remote(+34) | fresh(+10),remote,~Pax8 [verify],Sr. Product Manager,Remote - US,,2026-07-10,https://pax8inc.wd12.myworkdayjobs.com/Pax8Careers/job/Remote---US/Sr-Product-Manager---Platform-Engineering_R-101799
,greenhouse:pandadoc:8059814,B,72,Senior PM(+28) | remote(+34) | fresh(+10),remote,PandaDoc (remote-US),"Senior Product Manager, Acquisition",Remote (Europe),,2026-07-13,https://job-boards.greenhouse.io/pandadoc/jobs/8059814
,greenhouse:unanet:7791692003,B,72,Senior PM(+28) | remote(+34) | fresh(+10),remote,~Unanet [disc],Senior Product Manager (GovCon ERP),Anywhere in the United States,,2026-07-13,https://job-boards.greenhouse.io/unanet/jobs/7791692003
,workday:porch/wd1/careers:JR101378,B,72,Senior PM(+28) | remote(+34) | fresh(+10),remote,Porch,"Senior Product Manager, Warranty",IN Remote,,2026-07-13,https://porch.wd1.myworkdayjobs.com/careers/job/IN-Remote/Senior-Product-Manager--Warranty_JR101378
,workday:mckesson/wd3/External_Careers:JR0147365,B,72,Senior PM(+28) | remote(+34) | fresh(+10),remote,~McKesson Health IT [verify],Sr. Product Manager - Hub Connectivity,"Columbus, OH, USA - 910 John Street (CMM Main Campus) (C317); USA, Remote",,2026-07-13,https://mckesson.wd3.myworkdayjobs.com/External_Careers/job/Columbus-OH-USA---910-John-Street-CMM-Main-Campus-C317/Sr-Product-Manager---Hub-Connectivity_JR0147365-1
,greenhouse:inovalon:7804891003,B,72,Senior PM(+28) | remote(+34) | fresh(+10),remote,~Inovalon [verify],Senior Product Manager (Real World Data),Remote- United States,,2026-07-14,https://www.inovalon.com/careers/job/?gh_jid=7804891003
,workday:servicetitan/wd1/ServiceTitan:JR114061,B,72,Senior PM(+28) | remote(+34) | fresh(+10),remote,ServiceTitan,Senior Product Manager,US Remote,,2026-07-14,https://servicetitan.wd1.myworkdayjobs.com/ServiceTitan/job/US-Remote/Staff-Product-Manager--Australia_JR114061-1
,ashby:delinea:b0d82a51-4494-4928-840a-7800abba8af6,B,72,Senior PM(+28) | remote(+34) | fresh(+10),remote,~Delinea [verify],"Senior Product Manager - Platform, Policy, Approval and Inbox",U.S. Remote,$130K – $162K • Offers Equity • Offers Bonus,2026-07-15,https://jobs.ashbyhq.com/delinea/b0d82a51-4494-4928-840a-7800abba8af6
,ashby:delinea:b565f518-fcd8-4742-9712-07ad2f118e08,B,72,Senior PM(+28) | remote(+34) | fresh(+10),remote,~Delinea [verify],Senior Product Manager - AI,U.S. Remote,$130K – $162K • Offers Equity • Offers Bonus,2026-07-15,https://jobs.ashbyhq.com/delinea/b565f518-fcd8-4742-9712-07ad2f118e08
,greenhouse:route:7751938003,B,72,Senior PM(+28) | remote(+34) | fresh(+10),remote,"Route (Lehi, UT)",Sr. Product Manager,Remote,,2026-07-15,https://careers.route.com/job-board?gh_jid=7751938003
,greenhouse:nortal:5186974007,B,72,Senior PM(+28) | remote(+34) | fresh(+10),remote,Nortal,(1496) Senior Product Manager,Latin America - Remote,,2026-07-15,https://job-boards.greenhouse.io/nortal/jobs/5186974007
,ashby:render:40378b18-ad46-4040-9514-121ec5eb047f,B,72,Product Eng/Builder (Sr-equiv)(+28) | remote(+34) | fresh(+10),remote,Render,Object Storage Product Engineer,Remote: United States,$204K – $280K • Offers Equity,2026-07-16,https://jobs.ashbyhq.com/render/40378b18-ad46-4040-9514-121ec5eb047f
,ashby:render:b011a0c1-eed8-4afd-ab8b-3b4f974df199,B,72,Product Eng/Builder (Sr-equiv)(+28) | remote(+34) | fresh(+10),remote,Render,Valkey Product Engineer,Remote: United States,$204K – $280K • Offers Equity,2026-07-16,https://jobs.ashbyhq.com/render/b011a0c1-eed8-4afd-ab8b-3b4f974df199
,greenhouse:pinterest:8046820,B,72,Senior PM(+28) | remote(+34) | fresh(+10),remote,~Pinterest [disc],"Sr. Product Manager, Core Saving Experience","San Francisco, CA, US; Remote, US",,2026-07-16,https://www.pinterestcareers.com/jobs/?gh_jid=8046820
,ashby:render:f4883b3d-ada1-4859-931b-61881f7f9c00,B,72,Product Eng/Builder (Sr-equiv)(+28) | remote(+34) | fresh(+10),remote,Render,Postgres Product Engineer,Remote: United States,$204K – $280K • Offers Equity,2026-07-16,https://jobs.ashbyhq.com/render/f4883b3d-ada1-4859-931b-61881f7f9c00
,greenhouse:datavant2:5277772008,B,72,Senior PM(+28) | remote(+34) | fresh(+10),remote,~Datavant [verify],"Senior Product Manager, ML Platform",Remote - United States,,2026-07-16,https://www.datavant.com/about/careers/open-roles/job?gh_jid=5277772008
,workday:crateandbarrel/wd1/CBH:R25281,B,72,Senior PM(+28) | remote(+34) | fresh(+10),remote,Crate & Barrel,"Senior Product Manager, Workforce Enablement",Remote - Illinois,,2026-07-16,https://crateandbarrel.wd1.myworkdayjobs.com/CBH/job/Remote---Illinois/Senior-Product-Manager--Workforce-Enablement_R25281
,greenhouse:tekmetric:6119109004,B,72,Senior PM(+28) | remote(+34) | fresh(+10),remote,Tekmetric,Senior Product Manager - API,"Remote, US",,2026-07-17,https://job-boards.greenhouse.io/tekmetric/jobs/6119109004
,greenhouse:campminder:8070673,B,72,Senior PM(+28) | remote(+34) | fresh(+10),remote,~Campminder [disc],"Senior Product Manager, AI Platform","Boulder, CO or US remote",,2026-07-17,https://job-boards.greenhouse.io/campminder/jobs/8070673
,greenhouse:mitratech:8070402,B,72,Senior PM(+28) | remote(+34) | fresh(+10),remote,Mitratech,Sr. Product Manager AI,Remote US,,2026-07-17,https://job-boards.greenhouse.io/mitratech/jobs/8070402
,greenhouse:agero:8638405002,B,72,Senior PM(+28) | remote(+34) | fresh(+10),remote,Agero,Senior Product Manager,Remote,,2026-07-20,https://www.agero.com/available-jobs?gh_jid=8638405002
,workday:relx/wd3/relx:R116118,B,72,Senior PM(+28) | remote(+34) | fresh(+10),remote,RELX,Legal Senior Product Manager (Attorney),Remote - USA - Nationwide,,2026-07-20,https://relx.wd3.myworkdayjobs.com/relx/job/Remote---USA---Nationwide/Sr-Product-Mgr-I_R116118-1
,workday:clio/wd3/ClioCareerSite:REQ-4765,B,72,Senior PM(+28) | remote(+34) | fresh(+10),remote,Clio,"Senior Product Manager, Billing Systems",New York; Vancouver; Remote - Canada; Remote - USA; Toronto; Calgary,,2026-07-20,https://clio.wd3.myworkdayjobs.com/ClioCareerSite/job/New-York/Senior-Product-Manager--Billing-Systems_REQ-4765
,lever:conversica:1d335f0f-4087-4b20-b14e-ffc63925528e,B,72,Senior PM(+28) | remote(+34) | fresh(+10),remote,~Conversica [disc],Senior Product Manager,"United States, Remote",,2026-07-21,https://jobs.lever.co/conversica/1d335f0f-4087-4b20-b14e-ffc63925528e
,greenhouse:natera:6121478004,B,72,Senior PM(+28) | remote(+34) | fresh(+10),remote,~Natera [verify],"Sr Product Manager, Recurrence",US Remote,,2026-07-21,https://job-boards.greenhouse.io/natera/jobs/6121478004
,greenhouse:mercury:6121369004,B,72,Senior PM(+28) | remote(+34) | fresh(+10),remote,Mercury,Senior Product Manager - Activation,"San Francisco, CA, New York, NY, Portland, OR, or Remote within Canada or United States",,2026-07-21,https://job-boards.greenhouse.io/mercury/jobs/6121369004
,ashby:delinea:d6580c6f-979d-4144-b4c4-6b81d36ad1c9,B,72,Senior PM(+28) | remote(+34) | fresh(+10),remote,~Delinea [verify],Senior Product Manager - AI Gateway,U.S. Remote,$130K – $162K • Offers Equity • Offers Bonus,2026-07-21,https://jobs.ashbyhq.com/delinea/d6580c6f-979d-4144-b4c4-6b81d36ad1c9
,ashby:butterflymx:fbef2dbc-122b-4ae7-b3cc-93f4d427394f,B,71,Principal PM(+34) | remote(+34) | fresh(+3),remote,ButterflyMX,"Principal Product Manager, Mobile",US Remote,,2026-06-17,https://jobs.ashbyhq.com/butterflymx/fbef2dbc-122b-4ae7-b3cc-93f4d427394f
,ashby:headway:3dd3085b-471c-4416-a782-9c9fccf7e32f,B,71,Principal PM(+34) | remote(+34) | fresh(+3),remote,Headway,Principal Product Manager,Remote,$300K – $375K,2026-06-15,https://jobs.ashbyhq.com/headway/3dd3085b-471c-4416-a782-9c9fccf7e32f
,workday:humana/wd5/Humana_External_Career_Site:R-416997,B,70,Senior PM(+28) | remote(+34) | fresh(+8),remote,Humana,Senior Product Manager,Remote Nationwide,,2026-07-17,https://humana.wd5.myworkdayjobs.com/Humana_External_Career_Site/job/Remote-Nationwide/Senior-Product-Manager_R-416997
,workday:humana/wd5/Humana_External_Career_Site:R-422103,B,70,Senior PM(+28) | remote(+34) | fresh(+8),remote,Humana,"Senior Product Manager, MyHumana",Remote Nationwide,,2026-07-17,https://humana.wd5.myworkdayjobs.com/Humana_External_Career_Site/job/Remote-Nationwide/Senior-Product-Manager--MyHumana_R-422103
,greenhouse:obsidiansecurity:5268845008,B,69,Staff PM(+32) | remote(+34) | fresh(+3),remote,Obsidian Security,"Staff Product Manager, AI Governance & Supply Chain Integration Risk",US Remote,,2026-06-17,https://job-boards.greenhouse.io/obsidiansecurity/jobs/5268845008
,greenhouse:pairteam:8520897002,B,69,Staff PM(+32) | remote(+34) | fresh(+3),remote,Pair Team,Staff Product Manager (AI Care Management),Remote (United States),,2026-06-17,https://job-boards.greenhouse.io/pairteam/jobs/8520897002
,workday:servicetitan/wd1/ServiceTitan:JR115164,B,69,Staff PM(+32) | remote(+34) | fresh(+3),remote,ServiceTitan,"Staff Product Manager, Exteriors",US Remote,,2026-06-18,https://servicetitan.wd1.myworkdayjobs.com/ServiceTitan/job/US-Remote/Staff-Product-Manager--Exteriors_JR115164
,ashby:headway:d0d1aaed-cd19-4a9b-a2e2-5518973ba14d,B,69,Staff PM(+32) | remote(+34) | fresh(+3),remote,Headway,"Staff Product Manager, AI Platform",Remote - New York,$265.2K – $331.5K,2026-06-17,https://jobs.ashbyhq.com/headway/d0d1aaed-cd19-4a9b-a2e2-5518973ba14d
,greenhouse:googlefiber:6017901004,B,69,Lead PM(+32) | remote(+34) | fresh(+3),remote,~GFiber [verify],Lead Wireless Product Manager,Remote,,2026-06-17,https://fiber.google.com/careers/job/?gh_jid=6017901004
,greenhouse:wikimedia:7997871,B,69,Lead PM(+32) | remote(+34) | fresh(+3),remote,~Wikimedia Foundation [verify],"Lead Product Manager, Safety",Remote,,2026-06-17,https://job-boards.greenhouse.io/wikimedia/jobs/7997871
,lever:peoplegrove:3f9bab2f-6827-480b-ba60-896b281c44d0,B,69,Lead PM(+32) | remote(+34) | fresh(+3),remote,~PeopleGrove [verify],Lead Product Manager,Remote,,2026-06-16,https://jobs.lever.co/peoplegrove/3f9bab2f-6827-480b-ba60-896b281c44d0
,greenhouse:reddit:7997186,B,69,Staff PM(+32) | remote(+34) | fresh(+3),remote,~Reddit [disc],"Staff Product Manager, Growth",Remote - United States,,2026-06-15,https://job-boards.greenhouse.io/reddit/jobs/7997186
,workday:relx/wd3/relx:R115136,B,68,Senior PM(+28) | remote(+34) | fresh(+6),remote,RELX,"Sr Accessibility Product Manager, Clinical Solutions (Remote)",Home based-Pennsylvania; Home based-Georgia; Home based-New Jersey; Home based-Virginia; Home based-Ohio; Home based-Maryland; Home based-Missouri; Home based-Delaware; Home based-Florida,,2026-06-19,https://relx.wd3.myworkdayjobs.com/relx/job/Home-based-Pennsylvania/Sr-Accessibility-Product-Manager--Clinical-Solutions--Remote-_R115136-1
,greenhouse:boldin:4290559009,B,68,Senior PM(+28) | remote(+34) | fresh(+6),remote,Boldin,Senior Product Manager,Remote,,2026-06-18,https://job-boards.greenhouse.io/boldin/jobs/4290559009
,greenhouse:boulevard:4690572006,B,68,Senior PM(+28) | remote(+34) | fresh(+6),remote,~Boulevard [verify],Senior Product Manager - Commerce,Remote,,2026-06-18,https://job-boards.greenhouse.io/boulevard/jobs/4690572006
,greenhouse:mavenclinic:8599609002,B,68,Senior PM(+28) | remote(+34) | fresh(+6),remote,Maven Clinic,"Senior Product Manager, Consumer","San Francisco, CA; Remote, US",,2026-06-18,https://job-boards.greenhouse.io/mavenclinic/jobs/8599609002
,greenhouse:billtrust:7610310003,B,68,Senior PM(+28) | remote(+34) | fresh(+6),remote,Billtrust,Senior Commercial Product Manager,United States (Remote),,2026-06-18,https://www.billtrust.com/careers/job-openings/?gh_jid=7610310003
,ashby:kin:6cdf79ba-fc47-4ef7-ae88-bfd6ade56162,B,68,Senior PM(+28) | remote(+34) | fresh(+6),remote,Kin (remote-US; Sr PM Platform),Senior Product Manager - Platform,Remote,$170K – $192K • Offers Equity,2026-06-18,https://jobs.ashbyhq.com/kin/6cdf79ba-fc47-4ef7-ae88-bfd6ade56162
,greenhouse:ziprecruiter:8014608,B,68,Senior PM(+28) | remote(+34) | fresh(+6),remote,ZipRecruiter,"Sr. Product Manager, SMB","Santa Monica, CA/Remote",,2026-06-18,https://job-boards.greenhouse.io/ziprecruiter/jobs/8014608
,greenhouse:inovalon:7775414003,B,68,Senior PM(+28) | remote(+34) | fresh(+6),remote,~Inovalon [verify],Senior Product Manager (Healthcare Data Products),Remote- United States,,2026-06-18,https://www.inovalon.com/careers/job/?gh_jid=7775414003
,workday:zillow/wd5/Zillow_Group_External:P750500,B,65,Senior PM(+28) | remote(+34) | fresh(+3),remote,Zillow,"Senior Product Manager, Social Impact",Remote-USA,,2026-06-18,https://zillow.wd5.myworkdayjobs.com/Zillow_Group_External/job/Remote-USA/Senior-Product-Manager--Social-Impact_P750500-1
,workday:autodesk/wd1/Ext:26WD98284,B,65,Senior PM(+28) | remote(+34) | fresh(+3),remote,Autodesk,"Senior Product Manager, Construction AI","California, USA - Remote",,2026-06-18,https://autodesk.wd1.myworkdayjobs.com/Ext/job/California-USA---Remote/Senior-Product-Manager--Construction-AI_26WD98284
,greenhouse:instacart:8014060,B,65,Senior PM(+28) | remote(+34) | fresh(+3),remote,~Instacart [disc],"Senior Product Manager, Retailer Platform",United States - Remote,,2026-06-17,https://instacart.careers/job/?gh_jid=8014060
,ashby:vanta:11b0feba-24b4-4908-a0f6-82f6f761635f,B,65,Senior PM(+28) | remote(+34) | fresh(+3),remote,Vanta,"Senior Product Manager, Issue Management",Remote U.S.,,2026-06-16,https://jobs.ashbyhq.com/vanta/11b0feba-24b4-4908-a0f6-82f6f761635f
,greenhouse:newsela:8007897,B,65,Senior PM(+28) | remote(+34) | fresh(+3),remote,Newsela,"Senior Product Manager, Supplemental ELA  (Remote, US)",Remote - US,,2026-06-16,https://job-boards.greenhouse.io/newsela/jobs/8007897
,greenhouse:impiricus:5264699008,B,65,Senior PM(+28) | remote(+34) | fresh(+3),remote,Impiricus,Senior Product Manager (HCP Mobile App),Remote,,2026-06-16,https://job-boards.greenhouse.io/impiricus/jobs/5264699008
,greenhouse:tekmetric:6022727004,B,65,Senior PM(+28) | remote(+34) | fresh(+3),remote,Tekmetric,Senior Product Manager,"Remote, US",,2026-06-15,https://job-boards.greenhouse.io/tekmetric/jobs/6022727004
,greenhouse:zoominfo:8561599002,B,65,Senior PM(+28) | remote(+34) | fresh(+3),remote,~ZoomInfo [disc],Senior Product Manager,Remote,,2026-06-15,https://www.zoominfo.com/careers?gh_jid=8561599002
,lever:leantaas:2f3c3eac-db14-4da6-8b86-346e308cd8a8,B,65,Senior PM(+28) | remote(+34) | fresh(+3),remote,~LeanTaaS [verify],Product Manager/Senior Product Manager,Remote,,2026-06-15,https://jobs.lever.co/leantaas/2f3c3eac-db14-4da6-8b86-346e308cd8a8
,greenhouse:nmi:5262738008,B,65,Senior PM(+28) | remote(+34) | fresh(+3),remote,NMI,Senior Product Manager - A2A & Money Movement,"Remote, US",,2026-06-15,https://job-boards.greenhouse.io/nmi/jobs/5262738008
,greenhouse:raptortechnologies:5262355008,B,65,Senior PM(+28) | remote(+34) | fresh(+3),remote,~Raptor Technologies [verify],Senior Product Manager – K-12 Event Management,Remote - US,,2026-06-15,https://job-boards.greenhouse.io/raptortechnologies/jobs/5262355008
,lever:activecampaign:232f468d-13ee-43f0-ab5b-88cc750cf64a,B,56,Principal PM(+34) | loc? (bare US)(+12) | fresh(+10),remote,~ActiveCampaign [verify],Principal Product Manager,United States,,2026-06-24,https://jobs.lever.co/activecampaign/232f468d-13ee-43f0-ab5b-88cc750cf64a
,ashby:junipersquare:254380a8-3711-4295-8282-9cd4c8623c6d,B,56,Group PM(+34) | loc? (bare US)(+12) | fresh(+10),remote,Juniper Square (remote-US),"Group Product Manager, AI-Native Data Warehouse",USA,,2026-06-25,https://jobs.ashbyhq.com/junipersquare/254380a8-3711-4295-8282-9cd4c8623c6d
,ashby:sandboxaq:622ef111-1333-480b-b63a-90b0b4cc205d,B,56,Principal PM(+34) | loc? (bare US)(+12) | fresh(+10),remote,SandboxAQ,"Principal Technical Product Manager, Data Platform",United States,$163.2K – $306K • Multiple Ranges,2026-07-09,https://jobs.ashbyhq.com/sandboxaq/622ef111-1333-480b-b63a-90b0b4cc205d
,greenhouse:mongodb:8054250,B,54,Staff PM(+32) | loc? (bare US)(+12) | fresh(+10),remote,~MongoDB [disc],"Staff Product Manager, Security (Public Sector)",United States,,2026-07-14,https://www.mongodb.com/careers/job/?gh_jid=8054250
,lever:crypto:6ee0a331-abc7-4248-bd0a-eeac848ad87a,B,50,Senior PM(+28) | loc? (bare US)(+12) | fresh(+10),remote,Crypto.com,"Senior Product Manager, Trading",United States,,2026-06-23,https://jobs.lever.co/crypto/6ee0a331-abc7-4248-bd0a-eeac848ad87a
,lever:filevine:916bb302-d0b0-493d-a539-7baa94314e66,B,50,Senior PM(+28) | loc? (bare US)(+12) | fresh(+10),remote,"Filevine (SLC, UT)","Senior Technical Product Manager, Doc Platform & AI Infrastructure",United States,,2026-06-24,https://jobs.lever.co/filevine/916bb302-d0b0-493d-a539-7baa94314e66
,ashby:kraken.com:bd75ddab-ed65-4302-9687-d53302f18a97,B,50,Senior PM(+28) | loc? (bare US)(+12) | fresh(+10),remote,Kraken,Senior Product Manager - Trading-as-a-service,United States,$110.4K – $220.8K • Offers Equity • Offers Bonus,2026-07-01,https://jobs.ashbyhq.com/kraken.com/bd75ddab-ed65-4302-9687-d53302f18a97
,greenhouse:digicert:8624144002,B,50,Senior PM(+28) | loc? (bare US)(+12) | fresh(+10),remote,~DigiCert [high],Senior Product Manager,United States,,2026-07-15,https://www.digicert.com/careers/?gh_jid=8624144002
,ashby:kraken.com:2bb8eb65-0d23-4371-a45d-0cd7c17bb602,B,50,Senior PM(+28) | loc? (bare US)(+12) | fresh(+10),remote,Kraken,Senior Product Manager - Consumer,United States,$110.4K – $220.8K • Offers Equity • Offers Bonus,2026-07-21,https://jobs.ashbyhq.com/kraken.com/2bb8eb65-0d23-4371-a45d-0cd7c17bb602
,ashby:tribe-ai:deed1f20-92fe-43ca-8de7-356fc19c1de5,B,46,Product Eng/Builder (Sr-equiv)(+28) | loc? (bare US)(+12) | fresh(+6),remote,~Tribe AI [verify],Forward Deployed AI Product Engineer,United States,,2026-06-18,https://jobs.ashbyhq.com/tribe-ai/deed1f20-92fe-43ca-8de7-356fc19c1de5
,greenhouse:infuse:4715651005,C,72,Senior PM(+28) | remote(+34) | fresh(+10) | DISQ:contract/temp,remote,~Infuse Med [verify],"Senior Product Manager (Remote, Contract)",Georgia,,2026-07-16,https://job-boards.greenhouse.io/infuse/jobs/4715651005
,workday:teladoc/wd503/teladochealth_is_hiring:JR20731,C,68,Product Lead(+24) | remote(+34) | fresh(+10),remote,Teladoc Health,"Product Lead, Expanded Access",USA - Any Location (Remote),,2026-06-23,https://teladoc.wd503.myworkdayjobs.com/teladochealth_is_hiring/job/USA---Any-Location-Remote/Product-Lead--Expanded-Access_JR20731
,workday:teladoc/wd503/teladochealth_is_hiring:JR20440,C,68,Product Lead(+24) | remote(+34) | fresh(+10),remote,Teladoc Health,"Product Lead, Web & Mobile Platforms",USA - Any Location (Remote),,2026-06-24,https://teladoc.wd503.myworkdayjobs.com/teladochealth_is_hiring/job/USA---Any-Location-Remote/Technical-Product-Lead--Web---Mobile-Platforms_JR20440
,workday:teladoc/wd503/teladochealth_is_hiring:JR20453,C,68,Product Lead(+24) | remote(+34) | fresh(+10),remote,Teladoc Health,"Product Lead, Growth",USA - Any Location (Remote),,2026-06-25,https://teladoc.wd503.myworkdayjobs.com/teladochealth_is_hiring/job/USA---Any-Location-Remote/Product-Lead--Growth_JR20453
,workday:teladoc/wd503/teladochealth_is_hiring:JR20879,C,68,Product Lead(+24) | remote(+34) | fresh(+10),remote,Teladoc Health,"Product Lead, Clinical Optimization",USA - Any Location (Remote),,2026-07-15,https://teladoc.wd503.myworkdayjobs.com/teladochealth_is_hiring/job/USA---Any-Location-Remote/Product-Lead--Clinical-Optimization_JR20879-1
,workday:teladoc/wd503/teladochealth_is_hiring:JR20893,C,68,Product Lead(+24) | remote(+34) | fresh(+10),remote,Teladoc Health,"Product Lead, Chronic Condition Management",USA - Any Location (Remote),,2026-07-20,https://teladoc.wd503.myworkdayjobs.com/teladochealth_is_hiring/job/USA---Any-Location-Remote/Product-Lead--Chronic-Condition-Management_JR20893
,greenhouse:alphasense:8589759002,C,62,PM II (down-ranked)(+18) | remote(+34) | fresh(+10),remote,AlphaSense,"Product Manager II - Taxonomy, Financial Data",Remote - United States,,2026-06-24,https://job-boards.greenhouse.io/alphasense/jobs/8589759002
,greenhouse:energyhub:8631340002,C,62,PM II (down-ranked)(+18) | remote(+34) | fresh(+10),remote,~EnergyHub [verify],Product Manager II,REMOTE,,2026-07-13,https://job-boards.greenhouse.io/energyhub/jobs/8631340002
,ashby:teamdynamix:c829dfb1-d293-4710-9d13-33ace86c2df7,C,56,Plain PM (down-ranked)(+12) | remote(+34) | fresh(+10),remote,~TeamDynamix [verify],Product Manager,"Remote, USA",$110K – $140K,2026-06-22,https://jobs.ashbyhq.com/teamdynamix/c829dfb1-d293-4710-9d13-33ace86c2df7
,ashby:kin:a60bf68f-4194-4903-b8f9-90f7292030a5,C,56,Plain PM (down-ranked)(+12) | remote(+34) | fresh(+10),remote,Kin (remote-US; Sr PM Platform),Product Manager,Remote,$98K – $135K • Offers Equity,2026-06-22,https://jobs.ashbyhq.com/kin/a60bf68f-4194-4903-b8f9-90f7292030a5
,greenhouse:yipitdata:8031925,C,56,Plain PM (down-ranked)(+12) | remote(+34) | fresh(+10),remote,YipitData,AI Product Manager,US Remote,,2026-06-26,https://job-boards.greenhouse.io/yipitdata/jobs/8031925
,lever:voltus:fd6c3c35-26d2-41b7-80c3-4aec247dbc82,C,56,Plain PM (down-ranked)(+12) | remote(+34) | fresh(+10),remote,~Voltus [disc],"Technical Product Manager, Energy Storage",Remote,,2026-06-24,https://jobs.lever.co/voltus/fd6c3c35-26d2-41b7-80c3-4aec247dbc82
,workday:zillow/wd5/Zillow_Group_External:P749364,C,56,Plain PM (down-ranked)(+12) | remote(+34) | fresh(+10),remote,Zillow,"Manager, Product Management",Remote-USA,,2026-06-24,https://zillow.wd5.myworkdayjobs.com/Zillow_Group_External/job/Remote-USA/Manager--Product-Management_P749364
,workday:adobe/wd5/external_experienced:R169976,C,56,Plain PM (down-ranked)(+12) | remote(+34) | fresh(+10),remote,~Adobe Substance 3D [verify],"Product Manager, Activation",Remote California,,2026-06-24,https://adobe.wd5.myworkdayjobs.com/external_experienced/job/Remote-California/Product-Manager--Activation_R169976
,lever:workwave:1eb3501d-0d30-4f46-8904-069849fc0396,C,56,Plain PM (down-ranked)(+12) | remote(+34) | fresh(+10),remote,~WorkWave [verify],Technical Product Manager - AI & Data Analytics,"Remote, US",,2026-06-25,https://jobs.lever.co/workwave/1eb3501d-0d30-4f46-8904-069849fc0396
,lever:pointclickcare:708c41cf-816e-4e06-8528-e33ed111aeaf,C,56,Plain PM (down-ranked)(+12) | remote(+34) | fresh(+10),remote,PointClickCare,Product Manager - Data Platform,"Remote, USA",,2026-06-25,https://jobs.lever.co/pointclickcare/708c41cf-816e-4e06-8528-e33ed111aeaf
,workday:availity/wd1/Availity_Careers_US:R0007827,C,56,Plain PM (down-ranked)(+12) | remote(+34) | fresh(+10),remote,Availity,"Product Manager, Authorizations (Remote)",Remote - United States,,2026-06-25,https://availity.wd1.myworkdayjobs.com/Availity_Careers_US/job/Remote---United-States/Product-Manager--Authorizations--Remote-_R0007827
,greenhouse:1uphealth:4692614006,C,56,Plain PM (down-ranked)(+12) | remote(+34) | fresh(+10),remote,"~1upHealth, Inc. [verify]",Product Manager,Remote,,2026-06-26,https://job-boards.greenhouse.io/1uphealth/jobs/4692614006
,workday:velera/wd5/VeleraCareers:9437,C,56,Plain PM (down-ranked)(+12) | remote(+34) | fresh(+10),remote,~Velera [verify],Strategic Product Manager - Engage Point,Remote-USA,,2026-06-26,https://velera.wd5.myworkdayjobs.com/VeleraCareers/job/Remote-USA/Strategic-Product-Manager---Engage-Point_9437
,workday:wexinc/wd5/WEXInc:R20879,C,56,Plain PM (down-ranked)(+12) | remote(+34) | fresh(+10),remote,~WEX [verify],"Product Manager, Core Financial Systems & AI/ML Innovation",US - Remote,,2026-06-26,https://wexinc.wd5.myworkdayjobs.com/WEXInc/job/US---Remote/Sr-Product-Manager--GL_R20879
,workday:humana/wd5/Humana_External_Career_Site:R-417650,C,56,Plain PM (down-ranked)(+12) | remote(+34) | fresh(+10),remote,Humana,Product Manager-Medicaid & Duals,Remote Nationwide,,2026-06-28,https://humana.wd5.myworkdayjobs.com/Humana_External_Career_Site/job/Remote-Nationwide/Product-Manager-Medicaid---Duals_R-417650
,greenhouse:fivetran:7787885003,C,56,Plain PM (down-ranked)(+12) | remote(+34) | fresh(+10),remote,~Fivetran [disc],Product Manager - Fusion,"Remote, Colorado, United States, AMER",,2026-06-30,https://www.fivetran.com/careers/job?gh_jid=7787885003
,workday:humana/wd5/Humana_External_Career_Site:R-421252,C,56,Plain PM (down-ranked)(+12) | remote(+34) | fresh(+10),remote,Humana,Medicaid Product Manager,Remote Nationwide,,2026-06-30,https://humana.wd5.myworkdayjobs.com/Humana_External_Career_Site/job/Remote-Nationwide/Senior-Product-Manager_R-421252
,greenhouse:mercury:6107075004,C,56,Plain PM (down-ranked)(+12) | remote(+34) | fresh(+10),remote,Mercury,Open Call for Founders / Founding Teams - Product Management and Engineering,"San Francisco, CA, New York, NY, Portland, OR, or Remote within Canada or United States",,2026-07-01,https://job-boards.greenhouse.io/mercury/jobs/6107075004
,greenhouse:gitlab:8597826002,C,56,Plain PM (down-ranked)(+12) | remote(+34) | fresh(+10),remote,GitLab,"Senior Manager, Product Management: Agentic Software Delivery","Remote, Canada; Remote, US",,2026-07-02,https://job-boards.greenhouse.io/gitlab/jobs/8597826002
,greenhouse:grafanalabs:6107527004,C,56,Plain PM (down-ranked)(+12) | remote(+34) | fresh(+10),remote,Grafana Labs,"Staff AI Product Analyst, Product Management | USA, EST | Remote",United States (Remote),,2026-07-02,https://job-boards.greenhouse.io/grafanalabs/jobs/6107527004
,workday:autodesk/wd1/Ext:26WD98437,C,56,Plain PM (down-ranked)(+12) | remote(+34) | fresh(+10),remote,Autodesk,"Product Manager, Machine Simulation, Post Processing & Manufacturing Libraries","Ontario, CAN - Remote; New Jersey, USA - Remote; Michigan, USA - Remote; Massachusetts, USA - Remote; AMER - Canada - Nova Scotia - Offsite/Home; AMER - Canada - New Brunswick - Offsite/Home; AMER - Canada - British Columbia - Offsite/Home; AMER - Canada - Alberta - Offsite/Home; AMER - Canada - Quebec - Offsite/Home; Texas, USA - Remote; Colorado, USA - Remote; Montreal, QC, CAN; Georgia, USA - Remote; New York, USA - Remote",,2026-07-02,https://autodesk.wd1.myworkdayjobs.com/Ext/job/Ontario-CAN---Remote/Product-Manager---Machine-Simulation--Post-Processing---Manufacturing-Libraries_26WD98437
,greenhouse:beyond:4711880005,C,56,Plain PM (down-ranked)(+12) | remote(+34) | fresh(+10),remote,~Beyond [verify],Product Manager,"Remote - US, Select Cities",,2026-07-06,https://www.beyondpricing.com/about/careers?gh_jid=4711880005#jobs
,greenhouse:samsara:8008386,C,56,Plain PM (down-ranked)(+12) | remote(+34) | fresh(+10),remote,~Samsara [disc],Technical Product Manager,Remote - US,,2026-07-06,https://www.samsara.com/company/careers/roles/8008386?gh_jid=8008386
,greenhouse:pinterest:8016532,C,56,Plain PM (down-ranked)(+12) | remote(+34) | fresh(+10),remote,~Pinterest [disc],Apprentice Product Manager,"San Francisco, CA, US; Remote, US",,2026-07-06,https://www.pinterestcareers.com/jobs/?gh_jid=8016532
,greenhouse:hyperproof:4708336005,C,56,Plain PM (down-ranked)(+12) | remote(+34) | fresh(+10),remote,Hyperproof,"Product Manager, Risk Management",Remote,,2026-07-06,https://hyperproof.io/job-listings/?gh_jid=4708336005
,workday:salesforce/wd12/External_Career_Site:JR346421,C,56,Plain PM (down-ranked)(+12) | remote(+34) | fresh(+10),remote,Salesforce,Operations Product Manager,"California - San Francisco; US, Remote; California - San Francisco Metro - Remote; California - Remote",,2026-07-06,https://salesforce.wd12.myworkdayjobs.com/External_Career_Site/job/California---San-Francisco/Operations-Product-Manager_JR346421
,workday:servicetitan/wd1/ServiceTitan:JR115371,C,56,Plain PM (down-ranked)(+12) | remote(+34) | fresh(+10),remote,ServiceTitan,"Compensation Product Manager, Employee Experience",US Remote,,2026-07-06,https://servicetitan.wd1.myworkdayjobs.com/ServiceTitan/job/US-Remote/Compensation-Product-Manager--Employee-Experience_JR115371
,greenhouse:yipitdata:8050061,C,56,Plain PM (down-ranked)(+12) | remote(+34) | fresh(+10),remote,YipitData,Technical Product Manager,US Remote,,2026-07-07,https://job-boards.greenhouse.io/yipitdata/jobs/8050061
,greenhouse:supplyhouse:6099556004,C,56,Plain PM (down-ranked)(+12) | remote(+34) | fresh(+10),remote,~SupplyHouse.com [disc],Technical Product Manager,"Remote, Remote, United States",,2026-07-09,https://boards.greenhouse.io/supplyhouse/jobs/6099556004?gh_jid=6099556004
,greenhouse:remotecom:7799283003,C,56,Plain PM (down-ranked)(+12) | remote(+34) | fresh(+10),remote,Remote,GTM Product Manager,Remote-Western Europe,,2026-07-09,https://job-boards.greenhouse.io/remotecom/jobs/7799283003
,greenhouse:unframe:4932307101,C,56,Plain PM (down-ranked)(+12) | remote(+34) | fresh(+10),remote,Unframe,AI Product Manager - West Coast (Remote),"San Francisco, California, United States",,2026-07-20,https://job-boards.eu.greenhouse.io/unframe/jobs/4932307101
,greenhouse:fleetio:5183181007,C,56,Plain PM (down-ranked)(+12) | remote(+34) | fresh(+10),remote,~Fleetio [verify],"Product Manager, Growth","Remote - USA, CAN, MEX",,2026-07-09,https://job-boards.greenhouse.io/fleetio/jobs/5183181007
,ashby:thumbtack:b605d91e-a684-49b7-a8cb-363785f5be84,C,56,Plain PM (down-ranked)(+12) | remote(+34) | fresh(+10),remote,~Thumbtack [verify],"Product Manager, Pro Fulfillment","Remote, United States",,2026-07-10,https://jobs.ashbyhq.com/thumbtack/b605d91e-a684-49b7-a8cb-363785f5be84
,ashby:Jerry.ai:963f58b8-fed0-4bb3-a753-c77c52d36acd,C,56,Plain PM (down-ranked)(+12) | remote(+34) | fresh(+10),remote,Jerry,"Product Manager, Growth",Remote,$110K – $150K • Offers Equity,2026-07-13,https://jobs.ashbyhq.com/Jerry.ai/963f58b8-fed0-4bb3-a753-c77c52d36acd
,ashby:openai:97681dd5-65ad-4eb5-b692-e6d192871c38,C,56,Plain PM (down-ranked)(+12) | remote(+34) | fresh(+10),remote,~OpenAI [verify],"Product Manager, Codex Security Controls & Partner Interfaces",Remote - US,$293K – $385K,2026-07-13,https://jobs.ashbyhq.com/openai/97681dd5-65ad-4eb5-b692-e6d192871c38
,greenhouse:kunai:5189664007,C,56,Plain PM (down-ranked)(+12) | remote(+34) | fresh(+10),remote,~Kunai [disc],Technical Product Manager,"Houston, Texas, United States; Remote - United States",,2026-07-17,https://job-boards.greenhouse.io/kunai/jobs/5189664007
,lever:pointclickcare:d1ced7ca-305d-4e40-b8ae-755a37c41de0,C,56,Plain PM (down-ranked)(+12) | remote(+34) | fresh(+10),remote,PointClickCare,Canada- Outbound Product Manager (PEO),Remote or Mississauga,,2026-07-15,https://jobs.lever.co/pointclickcare/d1ced7ca-305d-4e40-b8ae-755a37c41de0
,ashby:element451:29b896a3-7be5-45cb-83ea-70e1fbb3b8e5,C,56,Plain PM (down-ranked)(+12) | remote(+34) | fresh(+10),remote,Element451,Product Manager,"Remote, United States",,2026-07-17,https://jobs.ashbyhq.com/element451/29b896a3-7be5-45cb-83ea-70e1fbb3b8e5
,workday:mckesson/wd3/External_Careers:JR0150419,C,56,Plain PM (down-ranked)(+12) | remote(+34) | fresh(+10),remote,~McKesson Health IT [verify],Product Manager,"USA, TX, Irving; USA, TX, The Woodlands; USA, VA, Richmond; USA, Remote; Atlanta, GA, USA - 2 National Data Plaza NE (8821)",,2026-07-20,https://mckesson.wd3.myworkdayjobs.com/External_Careers/job/USA-TX-Irving/Product-Manager_JR0150419
,workday:velera/wd5/VeleraCareers:9496,C,56,Plain PM (down-ranked)(+12) | remote(+34) | fresh(+10),remote,~Velera [verify],Product Manager - Engage Point,Remote-USA,,2026-07-20,https://velera.wd5.myworkdayjobs.com/VeleraCareers/job/Remote-USA/Product-Manager---Engage-Point_9496
,greenhouse:patientpoint:4716338005,C,56,Plain PM (down-ranked)(+12) | remote(+34) | fresh(+10),remote,~PatientPoint® [disc],"Product Manager, Ad Tech Platform","Remote, US",,2026-07-21,https://job-boards.greenhouse.io/patientpoint/jobs/4716338005
,greenhouse:scopely:5287656008,C,54,Sr Director(+44) | onsite non-UT(+0) | fresh(+10),remote,Scopely,"Senior Director of Product, Roadmap",CA - Canada; US - United States,,2026-07-06,https://job-boards.greenhouse.io/scopely/jobs/5287656008?gh_jid=5287656008
,workday:intapp/wd1/Intapp:R2024927,C,54,Sr Director(+44) | onsite non-UT(+0) | fresh(+10),remote,~Intapp [verify],"Senior Director, Product Management - AI","Palo Alto, CA; US NC Charlotte; US NY New York",,2026-07-15,https://intapp.wd1.myworkdayjobs.com/Intapp/job/Palo-Alto-CA/Senior-Director--Product-Management--Celeste_R2024927
,greenhouse:dyopath:4690008006,C,52,Plain PM (down-ranked)(+12) | remote(+34) | fresh(+6),remote,DYOPATH,Product Manager,Remote,,2026-06-18,https://job-boards.greenhouse.io/dyopath/jobs/4690008006
,greenhouse:harnessinc:5175674007,C,50,Director(+40) | onsite non-UT(+0) | fresh(+10),remote,~Harness [disc],"Principal / Director, Product Management – Code & Container Security","Mountain View, California, United States",,2026-06-26,https://www.harness.io/company/jobs/apply?gh_jid=5175674007&gh_jid=5175674007
,greenhouse:ninjatrader:4692536006,C,50,Director(+40) | onsite non-UT(+0) | fresh(+10),remote,~NinjaTrader [verify],"Director, Product Management - Brokerage",Chicago,,2026-06-28,https://job-boards.greenhouse.io/ninjatrader/jobs/4692536006
,workday:mckesson/wd3/External_Careers:JR0150293,C,50,Director(+40) | onsite non-UT(+0) | fresh(+10),remote,~McKesson Health IT [verify],"Director, Product Management – Value Based Care","Work at Home - Texas, USA (WTXA)",,2026-07-21,https://mckesson.wd3.myworkdayjobs.com/External_Careers/job/Work-at-Home---Texas-USA-WTXA/Director--Product-Management---Value-Based-Care_JR0150293-1
,ashby:sift:52eaa74c-fc08-496e-8309-8aa10c81d8ef,C,49,Plain PM (down-ranked)(+12) | remote(+34) | fresh(+3),remote,Sift,Product Manager,Remote - USA,$160K – $220K • Offers Equity,2026-06-17,https://jobs.ashbyhq.com/sift/52eaa74c-fc08-496e-8309-8aa10c81d8ef
,greenhouse:pingidentity:8595269002,C,49,Plain PM (down-ranked)(+12) | remote(+34) | fresh(+3),remote,~Ping Identity [verify],Product Manager - Identity for AI,US - Remote,,2026-06-17,https://job-boards.greenhouse.io/pingidentity/jobs/8595269002
,greenhouse:rithum:8010880,C,49,Plain PM (down-ranked)(+12) | remote(+34) | fresh(+3),remote,~Rithum [disc],Product Manager - Technical,United States - Remote,,2026-06-16,https://job-boards.greenhouse.io/rithum/jobs/8010880
,greenhouse:googlefiber:6017304004,C,49,Plain PM (down-ranked)(+12) | remote(+34) | fresh(+3),remote,~GFiber [verify],B2B Commercial Product Manager,Remote,,2026-06-16,https://fiber.google.com/careers/job/?gh_jid=6017304004
,greenhouse:affirm:7770395003,C,49,Plain PM (down-ranked)(+12) | remote(+34) | fresh(+3),remote,~Affirm [verify],"Group Product Management Manager, Consumer Servicing",Remote US,,2026-06-15,https://job-boards.greenhouse.io/affirm/jobs/7770395003
,lever:pointclickcare:501d471e-1afb-4246-8b9f-9e7eeb34cab4,C,49,Plain PM (down-ranked)(+12) | remote(+34) | fresh(+3),remote,PointClickCare,US- Outbound Product Manager (PEO),"Remote, USA",,2026-07-15,https://jobs.lever.co/pointclickcare/501d471e-1afb-4246-8b9f-9e7eeb34cab4
,ashby:ibotta:fa8bac46-ba61-4317-9768-828bb080a54d,C,44,Principal PM(+34) | onsite non-UT(+0) | fresh(+10),remote,Ibotta,"Principal Product Manager, AI Enablement",Hybrid - Denver,,2026-06-25,https://jobs.ashbyhq.com/ibotta/fa8bac46-ba61-4317-9768-828bb080a54d
,ashby:zip:6cb6df98-20d9-4995-b792-4afac23db8d4,C,44,Principal PM(+34) | onsite non-UT(+0) | fresh(+10),remote,"Zip (procurement / spend, ziphq)","Principal Product Manager, AI",San Francisco,,2026-07-02,https://jobs.ashbyhq.com/zip/6cb6df98-20d9-4995-b792-4afac23db8d4
,ashby:snowflake:014c61e9-fd33-47a3-b002-975e27364982,C,44,Principal PM(+34) | onsite non-UT(+0) | fresh(+10),remote,~Snowflake [disc],Principal Product Manager - Identity and Access Management,US-WA-Bellevue,$264K – $379.5K,2026-07-06,https://jobs.ashbyhq.com/snowflake/014c61e9-fd33-47a3-b002-975e27364982
,ashby:maven-agi:356b844c-1c2a-4ae9-9cf2-578d2c9e7e34,C,44,Group PM(+34) | onsite non-UT(+0) | fresh(+10),remote,Maven AGI,"Group Product Manager, Voice Agent",Boston,"$195K – $242K • Offers Equity • Offers Bonus • OTE $240,000-290,000",2026-07-13,https://jobs.ashbyhq.com/maven-agi/356b844c-1c2a-4ae9-9cf2-578d2c9e7e34
,lever:spotify:a88002db-cb15-49f4-a0e7-efc5c79c347b,C,44,Principal PM(+34) | onsite non-UT(+0) | fresh(+10),remote,~Spotify [disc],"Principal Product Manager, Habit Formation","New York, NY",,2026-07-20,https://jobs.lever.co/spotify/a88002db-cb15-49f4-a0e7-efc5c79c347b
,greenhouse:codeandtheory:8595155002,C,43,Director(+40) | onsite non-UT(+0) | fresh(+3),remote,~Code and Theory [verify],"Director, Product (US)","New York, New York, United States",,2026-06-17,https://www.codeandtheory.com/careers/8595155002?gh_jid=8595155002
,greenhouse:flex:4703099005,C,43,Director(+40) | onsite non-UT(+0) | fresh(+3),remote,"Flex (fintech; SLC + NY/SF, remote)","Director of Product Management, CS/AI","New York, NY; San Francisco, CA",,2026-06-15,https://job-boards.greenhouse.io/flex/jobs/4703099005
,lever:veeva:3b6c81c4-a6c7-4ac3-a23d-e045b070cf15,C,43,Director(+40) | onsite non-UT(+0) | fresh(+3),remote,Veeva Systems,Director Product Management - Veeva RIM,Massachusetts - Boston,,2026-06-15,https://jobs.lever.co/veeva/3b6c81c4-a6c7-4ac3-a23d-e045b070cf15
,ashby:airwallex:9f8b52f7-cad6-40d1-9f98-2f2ed0cb3905,C,42,Staff PM(+32) | onsite non-UT(+0) | fresh(+10),remote,Airwallex,"Staff Product Manager, T0 (Agentic) Finance",US - San Francisco,$190K – $270K • Offers Equity • Offers Bonus,2026-06-22,https://jobs.ashbyhq.com/airwallex/9f8b52f7-cad6-40d1-9f98-2f2ed0cb3905
,ashby:strava:93c6fa97-8615-4713-af85-c74662a5cebe,C,42,Staff PM(+32) | onsite non-UT(+0) | fresh(+10),remote,~Strava [verify],"Staff Product Manager, AI/ML",Strava SF,$250K – $270K • Offers Equity,2026-06-23,https://jobs.ashbyhq.com/strava/93c6fa97-8615-4713-af85-c74662a5cebe
,ashby:airwallex:8b9163cb-f65c-4441-9f1c-06f1ec3bc7dd,C,42,Staff PM(+32) | onsite non-UT(+0) | fresh(+10),remote,Airwallex,"Staff Product Manager, AI Enablement",US - San Francisco,$190K – $270K • Offers Equity • Offers Bonus,2026-06-29,https://jobs.ashbyhq.com/airwallex/8b9163cb-f65c-4441-9f1c-06f1ec3bc7dd
,ashby:a-place-for-mom:f189f549-6f97-4a38-b36c-a6c106a5fa00,C,42,Lead PM(+32) | onsite non-UT(+0) | fresh(+10),remote,A Place for Mom,"Lead Product Manager, Organic & AI Discovery","Austin, TX",$165K – $195K • Bonus: 10% of Annual Earnings,2026-07-06,https://jobs.ashbyhq.com/a-place-for-mom/f189f549-6f97-4a38-b36c-a6c106a5fa00
,ashby:speak:d05014c2-029e-4662-9797-e184296b8694,C,42,Lead PM(+32) | onsite non-UT(+0) | fresh(+10),remote,~Speak [disc],Lead Product Manager - Enterprise,San Francisco,$191K – $315K • Offers Equity,2026-07-07,https://jobs.ashbyhq.com/speak/d05014c2-029e-4662-9797-e184296b8694
,ashby:astronomer:f47986a4-320e-46d9-8eb3-5efe4b5488ea,C,42,Staff PM(+32) | onsite non-UT(+0) | fresh(+10),remote,~Astronomer [high],Staff Product Manager - SF,San Francisco,,2026-07-17,https://jobs.ashbyhq.com/astronomer/f47986a4-320e-46d9-8eb3-5efe4b5488ea
,ashby:astronomer:2630f17b-1ac8-417e-a30d-4d65aad8b0de,C,42,Staff PM(+32) | onsite non-UT(+0) | fresh(+10),remote,~Astronomer [high],Staff Product Manager - NYC,New York City,,2026-07-17,https://jobs.ashbyhq.com/astronomer/2630f17b-1ac8-417e-a30d-4d65aad8b0de
,ashby:airwallex:6e011829-ee74-4f7a-82f6-f2f1ef5a6dd1,C,42,Staff PM(+32) | onsite non-UT(+0) | fresh(+10),remote,Airwallex,"Staff Product Manager, Lending",US - San Francisco,$190K – $270K • Offers Equity • Offers Bonus,2026-07-22,https://jobs.ashbyhq.com/airwallex/6e011829-ee74-4f7a-82f6-f2f1ef5a6dd1
,ashby:Jerry.ai:3ba05e64-7e56-4405-9380-44e6ac4035ea,C,38,Senior PM(+28) | onsite non-UT(+0) | fresh(+10),remote,Jerry,"Senior Product Manager, Agentic AI","New York, New York",$160K – $210K • Offers Equity,2026-07-13,https://jobs.ashbyhq.com/Jerry.ai/3ba05e64-7e56-4405-9380-44e6ac4035ea
,ashby:Jerry.ai:ea25ef32-f22e-4d3c-917a-d086e707c29a,C,38,Senior PM(+28) | onsite non-UT(+0) | fresh(+10),remote,Jerry,"Senior Technical Product Manager, AI Engineering & Systems","New York, New York",$160K – $210K • Offers Equity,2026-07-13,https://jobs.ashbyhq.com/Jerry.ai/ea25ef32-f22e-4d3c-917a-d086e707c29a
,ashby:zip:62267b66-e970-432c-8cf2-5b6bb25302a4,C,38,Senior PM(+28) | onsite non-UT(+0) | fresh(+10),remote,"Zip (procurement / spend, ziphq)","Senior Product Manager, AP Automation",San Francisco,,2026-06-24,https://jobs.ashbyhq.com/zip/62267b66-e970-432c-8cf2-5b6bb25302a4
,ashby:hinge-health:4ab249ef-1559-4de9-a4c2-a2e4a8aa8d1e,C,38,Senior PM(+28) | onsite non-UT(+0) | fresh(+10),remote,~Hinge Health [verify],"Senior Product Manager, Consumer Products",San Francisco-HQ,$163K – $224K • Offers Equity,2026-06-24,https://jobs.ashbyhq.com/hinge-health/4ab249ef-1559-4de9-a4c2-a2e4a8aa8d1e
,lever:veeva:71c5c7c6-611d-40ec-b7ba-827055c78651,C,38,Senior PM(+28) | onsite non-UT(+0) | fresh(+10),remote,Veeva Systems,Senior Product Manager - Vault CRM - Service Center,Massachusetts - Boston,,2026-06-25,https://jobs.lever.co/veeva/71c5c7c6-611d-40ec-b7ba-827055c78651
,ashby:airwallex:2c7d5655-3bef-40ec-9455-fe129b7c09e8,C,38,Senior PM(+28) | onsite non-UT(+0) | fresh(+10),remote,Airwallex,"Senior Product Manager, T:0 (Agentic) Finance",US - San Francisco,$190K – $270K • Offers Equity • Offers Bonus,2026-06-29,https://jobs.ashbyhq.com/airwallex/2c7d5655-3bef-40ec-9455-fe129b7c09e8
,ashby:airwallex:335f9003-40d8-4f9a-be86-535ae6d551f0,C,38,Senior PM(+28) | onsite non-UT(+0) | fresh(+10),remote,Airwallex,"Senior Product Manager, Kai (AI assistant)",US - San Francisco,$160K – $230K • Offers Equity • Offers Bonus,2026-07-01,https://jobs.ashbyhq.com/airwallex/335f9003-40d8-4f9a-be86-535ae6d551f0
,ashby:scribdinc:8ac042d1-f7cb-435a-9ca1-ba0d689e63b9,C,38,Senior PM(+28) | onsite non-UT(+0) | fresh(+10),remote,"Scribd, Inc.",Senior Product Manager,San Francisco,,2026-07-02,https://jobs.ashbyhq.com/scribdinc/8ac042d1-f7cb-435a-9ca1-ba0d689e63b9
,ashby:snowflake:e72df92e-951f-4c64-8016-1def8cf7e05d,C,38,Senior PM(+28) | onsite non-UT(+0) | fresh(+10),remote,~Snowflake [disc],Senior Product Manager - Interactive Analytics,US-CA-Menlo Park,$200K – $287.5K,2026-07-06,https://jobs.ashbyhq.com/snowflake/e72df92e-951f-4c64-8016-1def8cf7e05d
,ashby:tekion:ae939cd6-e90a-4d7b-8c1b-ba23132aa964,C,38,Senior PM(+28) | onsite non-UT(+0) | fresh(+10),remote,Tekion,Senior Product Manager,Virtual - United States,,2026-07-14,https://jobs.ashbyhq.com/tekion/ae939cd6-e90a-4d7b-8c1b-ba23132aa964
,ashby:assorthealth:70e8f603-6704-41dd-8bfc-37c21272ac76,C,38,Senior PM(+28) | onsite non-UT(+0) | fresh(+10),remote,Assort Health,Senior Agent Product Manager,San Francisco,,2026-07-10,https://jobs.ashbyhq.com/assorthealth/70e8f603-6704-41dd-8bfc-37c21272ac76
,ashby:socure:c102743f-f368-4393-8776-3a83a461fd0d,C,38,Senior PM(+28) | onsite non-UT(+0) | fresh(+10),remote,Socure,"Senior Product Manager, Core Fraud Services",Hybrid - US,$170K – $220K • Offers Equity • Offers Bonus • Multiple Ranges,2026-07-09,https://jobs.ashbyhq.com/socure/c102743f-f368-4393-8776-3a83a461fd0d
,lever:veeva:c32aafd3-43b5-49e4-a972-f1724a80b910,C,38,Senior PM(+28) | onsite non-UT(+0) | fresh(+10),remote,Veeva Systems,Senior Product Manager - Safety,Massachusetts - Boston,,2026-07-10,https://jobs.lever.co/veeva/c32aafd3-43b5-49e4-a972-f1724a80b910
,lever:veeva:4286e64f-7359-48e9-bc41-8e7358840d0a,C,38,Senior PM(+28) | onsite non-UT(+0) | fresh(+10),remote,Veeva Systems,Senior Product Manager,California - San Francisco,,2026-07-10,https://jobs.lever.co/veeva/4286e64f-7359-48e9-bc41-8e7358840d0a
,ashby:maven-agi:3b597c7a-9ffc-4a30-a7fb-69969fd9aa65,C,38,Senior PM(+28) | onsite non-UT(+0) | fresh(+10),remote,Maven AGI,"Senior Product Manager, Voice Agent",Boston,$175K – $220K • Offers Equity • Offers Bonus • OTE: $240-255K,2026-07-13,https://jobs.ashbyhq.com/maven-agi/3b597c7a-9ffc-4a30-a7fb-69969fd9aa65
,ashby:The%20Zebra:833f8bc0-d598-40d0-a9c5-8d6b49220dfd,C,38,Senior PM(+28) | onsite non-UT(+0) | fresh(+10),remote,The Zebra,Senior Technical Product Manager,Austin HQ,,2026-07-13,https://jobs.ashbyhq.com/The%20Zebra/833f8bc0-d598-40d0-a9c5-8d6b49220dfd
,workday:worldpay/wd5/Worldpay_External_Careers_Site:JR0610672,C,38,Senior PM(+28) | onsite non-UT(+0) | fresh(+10),remote,Worldpay,"Senior Product Manager, Financial Visibility & Reconciliation","DENVER, COLORADO; VIRTUAL, NEW YORK; CINCINNATI, OHIO",,2026-07-15,https://worldpay.wd5.myworkdayjobs.com/Worldpay_External_Careers_Site/job/DENVER-COLORADO/Senior-Product-Manager--Financial-Visibility---Reconciliation_JR0610672
,ashby:maven-agi:88bd1e0f-59ed-4894-a4af-3dbff0b579b7,C,38,Senior PM(+28) | onsite non-UT(+0) | fresh(+10),remote,Maven AGI,"Senior Product Manager, Integrations",Boston,$175K – $225K • Offers Equity • Offers Bonus,2026-07-16,https://jobs.ashbyhq.com/maven-agi/88bd1e0f-59ed-4894-a4af-3dbff0b579b7
,workday:mckesson/wd3/External_Careers:JR0150705,C,38,Senior PM(+28) | onsite non-UT(+0) | fresh(+10),remote,~McKesson Health IT [verify],Sr. Product Manager,"USA, OH, Columbus",,2026-07-16,https://mckesson.wd3.myworkdayjobs.com/External_Careers/job/USA-OH-Columbus/Sr-Product-Manager_JR0150705
,ashby:openai:aeeabb7a-f6e0-4e8d-a9ad-ae3464288125,C,38,Product Eng/Builder (Sr-equiv)(+28) | onsite non-UT(+0) | fresh(+10),remote,~OpenAI [verify],"Product Engineer, Enterprise AI Platform",San Francisco,$230K – $385K • Offers Equity,2026-07-21,https://jobs.ashbyhq.com/openai/aeeabb7a-f6e0-4e8d-a9ad-ae3464288125
,lever:spotify:a025cf69-f8c6-4873-9a8b-7ca6b1fbe9fd,C,37,Principal PM(+34) | onsite non-UT(+0) | fresh(+3),remote,~Spotify [disc],"Principal Product Manager, Agentic Surfaces","New York, NY",,2026-06-17,https://jobs.lever.co/spotify/a025cf69-f8c6-4873-9a8b-7ca6b1fbe9fd
,greenhouse:geotab:5254442008,C,35,Lead PM(+32) | onsite non-UT(+0) | fresh(+3),remote,~Geotab [disc],"Lead Product Manager, Mobile Platform","Atlanta, Georgia - USA",,2026-06-16,https://job-boards.greenhouse.io/geotab/jobs/5254442008
,ashby:headway:5dea9dc5-8cc7-4721-96c9-589c3a53199e,C,35,Staff PM(+32) | onsite non-UT(+0) | fresh(+3),remote,Headway,"Staff Product Manager, Pricing",New York,$265.2K – $331.5K • Offers Equity,2026-06-15,https://jobs.ashbyhq.com/headway/5dea9dc5-8cc7-4721-96c9-589c3a53199e
,ashby:airwallex:16b7b0fd-a514-4c3a-802a-15dcf3b6fb64,C,34,Product Lead(+24) | onsite non-UT(+0) | fresh(+10),remote,Airwallex,"Product Lead, T0 (Agentic) Finance",US - San Francisco,$210K – $290K • Offers Equity • Offers Bonus,2026-06-22,https://jobs.ashbyhq.com/airwallex/16b7b0fd-a514-4c3a-802a-15dcf3b6fb64
,ashby:abridge:9c7ba6c3-7744-48b8-a5b3-dab55c22e4b3,C,34,Product Lead(+24) | onsite non-UT(+0) | fresh(+10),remote,~Abridge [disc],"Product Lead, AI/ML",SF Office,$250K – $290K • Offers Equity,2026-06-22,https://jobs.ashbyhq.com/abridge/9c7ba6c3-7744-48b8-a5b3-dab55c22e4b3
,ashby:telus-digital:6cae41de-be4e-4094-87a0-c4cf208cf9fe,C,34,Product Lead(+24) | onsite non-UT(+0) | fresh(+10),remote,TELUS Digital,Senior Product Lead,Charlottesville,$100K – $128K,2026-06-27,https://jobs.ashbyhq.com/telus-digital/6cae41de-be4e-4094-87a0-c4cf208cf9fe
,greenhouse:lob:8027342,C,34,Plain PM (down-ranked)(+12) | loc? (bare US)(+12) | fresh(+10),remote,~Lob [verify],Product Manager,United States,,2026-06-29,http://www.lob.com/careers/apply?gh_jid=8027342
,workday:mckesson/wd3/External_Careers:JR0149152,C,34,Plain PM (down-ranked)(+12) | loc?(+12) | fresh(+10),remote,~McKesson Health IT [verify],"Product Manager, (EHR Oncology Education)",,,2026-06-30,https://mckesson.wd3.myworkdayjobs.com/External_Careers/job/Product-Manager---EHR-Oncology-Education-_JR0149152-1
,ashby:abridge:5acb269b-6ca0-4890-ae3f-ffb46e99d2ba,C,34,Product Lead(+24) | onsite non-UT(+0) | fresh(+10),remote,~Abridge [disc],"Product Lead, CDS",SF Office,$240K – $290K • Offers Equity,2026-07-22,https://jobs.ashbyhq.com/abridge/5acb269b-6ca0-4890-ae3f-ffb46e99d2ba
,ashby:socure:44347025-2390-46d2-b6bc-b8cd6e773fb5,C,34,Product Lead(+24) | onsite non-UT(+0) | fresh(+10),remote,Socure,Product Lead - Workforce Solutions,Hybrid - US,$170K – $220K • Offers Equity • Offers Bonus • Multiple Ranges,2026-07-21,https://jobs.ashbyhq.com/socure/44347025-2390-46d2-b6bc-b8cd6e773fb5
,ashby:solace:6f9534b6-1a96-4d4c-9434-0db094d0e87d,C,32,Plain PM (down-ranked)(+12) | loc? (bare US)(+12) | fresh(+8),remote,Solace Health,Growth Product Manager,United States,$110K – $130K,2026-06-19,https://jobs.ashbyhq.com/solace/6f9534b6-1a96-4d4c-9434-0db094d0e87d
,workday:huron/wd1/huroncareers:JR-0015611,C,31,Senior PM(+28) | onsite non-UT(+0) | fresh(+3),remote,~Huron [verify],Senior Product Manager / Engineer - HEDIS SME,Chicago - 550 Van Buren,,2026-06-18,https://huron.wd1.myworkdayjobs.com/huroncareers/job/Chicago---550-Van-Buren/Senior-Product-Engineer---Principal---HEDIS_JR-0015611
,ashby:snowflake:8e88251e-e77e-428e-bccf-dc1ccadc22ef,C,31,Senior PM(+28) | onsite non-UT(+0) | fresh(+3),remote,~Snowflake [disc],Senior Product Manager - AI Migrations,US-CA-Menlo Park,$200K – $287.5K,2026-06-17,https://jobs.ashbyhq.com/snowflake/8e88251e-e77e-428e-bccf-dc1ccadc22ef
,lever:lwolf:e91ed877-c3be-4019-b0de-3614bac65445,C,31,Senior PM(+28) | onsite non-UT(+0) | fresh(+3),remote,~Lone Wolf Technologies [verify],Senior Product Manager,"Cambridge, ON",,2026-06-15,https://jobs.lever.co/lwolf/e91ed877-c3be-4019-b0de-3614bac65445
,greenhouse:coinbase:8008033,C,31,Senior PM(+28) | onsite non-UT(+0) | fresh(+3),remote,~Coinbase [verify],"Senior Product Manager, CX & AI Tooling","Charlotte, NC",,2026-06-15,https://www.coinbase.com/careers/positions/8008033?gh_jid=8008033
,ashby:Jerry.ai:b6aa8c88-786a-4e8e-88ac-0d7fd296cb06,C,31,Senior PM(+28) | onsite non-UT(+0) | fresh(+3),remote,Jerry,"Senior Product Manager, AI Agents and Platform",San Francisco Bay Area,$160K – $200K • Offers Equity,2026-06-15,https://jobs.ashbyhq.com/Jerry.ai/b6aa8c88-786a-4e8e-88ac-0d7fd296cb06
,ashby:Jerry.ai:8734af55-d2fe-494b-8440-c0e3f0b13efa,C,28,PM II (down-ranked)(+18) | onsite non-UT(+0) | fresh(+10),remote,Jerry,"Product Manager II, Growth","New York, New York",$110K – $140K • Offers Equity,2026-07-07,https://jobs.ashbyhq.com/Jerry.ai/8734af55-d2fe-494b-8440-c0e3f0b13efa
,greenhouse:digicert:8583886002,C,27,Plain PM (down-ranked)(+12) | loc? (bare US)(+12) | fresh(+3),remote,~DigiCert [high],Innovation Product Manager,United States,,2026-06-16,https://www.digicert.com/careers/?gh_jid=8583886002
,ashby:Jerry.ai:ad9713a7-65ce-46d1-821a-ccbdde13659b,C,22,Plain PM (down-ranked)(+12) | onsite non-UT(+0) | fresh(+10),remote,Jerry,"Technical Product Manager, AI Engineering & Systems","New York, New York",$130K – $170K • Offers Equity,2026-07-13,https://jobs.ashbyhq.com/Jerry.ai/ad9713a7-65ce-46d1-821a-ccbdde13659b
,ashby:substack:de90dcf8-fecc-4b3f-bda4-b23411ee905a,C,22,Plain PM (down-ranked)(+12) | onsite non-UT(+0) | fresh(+10),remote,~Substack [high],Product Manager - Creator Activation,San Francisco (HQ),,2026-06-22,https://jobs.ashbyhq.com/substack/de90dcf8-fecc-4b3f-bda4-b23411ee905a
,ashby:benchling:0796012f-3e8c-40b7-a869-b98ab5290380,C,22,Plain PM (down-ranked)(+12) | onsite non-UT(+0) | fresh(+10),remote,~Benchling [disc],"Product Manager, Schemas","San Francisco, CA",$227K – $307K • Offers Equity,2026-06-22,https://jobs.ashbyhq.com/benchling/0796012f-3e8c-40b7-a869-b98ab5290380
,ashby:abridge:aef83f6a-0bc8-4d6a-b310-24415918ee3c,C,22,Plain PM (down-ranked)(+12) | onsite non-UT(+0) | fresh(+10),remote,~Abridge [disc],Founding Forward Deployed Product Manager,SF Office,$260K – $290K • Offers Equity,2026-06-22,https://jobs.ashbyhq.com/abridge/aef83f6a-0bc8-4d6a-b310-24415918ee3c
,ashby:vitl:1eabb33e-4626-4044-bbac-b6f9cbc547d9,C,22,Plain PM (down-ranked)(+12) | onsite non-UT(+0) | fresh(+10),remote,~VITL Power [verify],"Product Manager, Integrations & API (Senior/Staff/Principal)",Nashville,,2026-06-22,https://jobs.ashbyhq.com/vitl/1eabb33e-4626-4044-bbac-b6f9cbc547d9
,ashby:hinge-health:79daa9a6-0e6b-4a70-9560-b62249dc542a,C,22,Plain PM (down-ranked)(+12) | onsite non-UT(+0) | fresh(+10),remote,~Hinge Health [verify],"Product Manager, New Programs",San Francisco-HQ,$163K – $224K • Offers Equity,2026-06-24,https://jobs.ashbyhq.com/hinge-health/79daa9a6-0e6b-4a70-9560-b62249dc542a
,greenhouse:anthropic:5281348008,C,22,Plain PM (down-ranked)(+12) | onsite non-UT(+0) | fresh(+10),remote,Anthropic,Web Product Manager,"San Francisco, CA | New York City, NY",,2026-06-25,https://job-boards.greenhouse.io/anthropic/jobs/5281348008
,greenhouse:doximity:8024284,C,22,Plain PM (down-ranked)(+12) | onsite non-UT(+0) | fresh(+10),remote,~Doximity [verify],"Product Manager, Hospital Solutions","San Francisco, CA",,2026-06-24,https://job-boards.greenhouse.io/doximity/jobs/8024284
,ashby:openai:6db2af13-50b2-4fe0-a8df-874e2ba57f71,C,22,Plain PM (down-ranked)(+12) | onsite non-UT(+0) | fresh(+10),remote,~OpenAI [verify],"Product Manager, ChatGPT Sites",San Francisco,$293K – $385K • Offers Equity,2026-06-28,https://jobs.ashbyhq.com/openai/6db2af13-50b2-4fe0-a8df-874e2ba57f71
,ashby:snowflake:e39a441a-07e4-4ea3-a687-b483007deb94,C,22,Plain PM (down-ranked)(+12) | onsite non-UT(+0) | fresh(+10),remote,~Snowflake [disc],Product Manager - Traffic & Networking,US-CA-Menlo Park,$160K – $230K,2026-06-30,https://jobs.ashbyhq.com/snowflake/e39a441a-07e4-4ea3-a687-b483007deb94
,lever:aledade:dfbe3d44-9a28-4825-9190-6197ff2c4535,C,22,Plain PM (down-ranked)(+12) | onsite non-UT(+0) | fresh(+10),remote,"Aledade, Inc.","Technical Product Manager, Impact Analytics","Austin, TX",,2026-07-01,https://jobs.lever.co/aledade/dfbe3d44-9a28-4825-9190-6197ff2c4535
,lever:Clearer:3d4824d8-ec91-46b8-9a98-7cb3f98f1806,C,22,Plain PM (down-ranked)(+12) | onsite non-UT(+0) | fresh(+10),remote,~clearer.io [verify],Junior Product Manager,Ho Chi Minh,,2026-07-03,https://jobs.lever.co/Clearer/3d4824d8-ec91-46b8-9a98-7cb3f98f1806
,workday:huron/wd1/huroncareers:JR-0015818,C,22,Plain PM (down-ranked)(+12) | onsite non-UT(+0) | fresh(+10),remote,~Huron [verify],CMS EDGE Server Product Manager / Principal / Architect,Chicago - 550 Van Buren,,2026-07-02,https://huron.wd1.myworkdayjobs.com/huroncareers/job/Chicago---550-Van-Buren/CMS-EDGE-Server-Product-Manager---Principal---Architect_JR-0015818
,ashby:assorthealth:22aaa0d5-a675-4ec4-9785-8fbc6c1fda2a,C,22,Plain PM (down-ranked)(+12) | onsite non-UT(+0) | fresh(+10),remote,Assort Health,Agent Product Manager,San Francisco,$150K – $215K • Offers Equity,2026-07-06,https://jobs.ashbyhq.com/assorthealth/22aaa0d5-a675-4ec4-9785-8fbc6c1fda2a
,ashby:speak:d1202fee-1fdc-45cb-87c7-67a5f07aebfa,C,22,Plain PM (down-ranked)(+12) | onsite non-UT(+0) | fresh(+10),remote,~Speak [disc],Product Manager - Memory & Personal Intelligence,San Francisco,$191K – $315K • Offers Equity,2026-07-07,https://jobs.ashbyhq.com/speak/d1202fee-1fdc-45cb-87c7-67a5f07aebfa
,ashby:baseten:342a4c0e-7da3-490e-927f-dffb51f847b2,C,22,Plain PM (down-ranked)(+12) | onsite non-UT(+0) | fresh(+10),remote,~Baseten Labs [disc],"Product Manager, Enterprise",San Francisco,$180K – $330K • Offers Equity,2026-07-07,https://jobs.ashbyhq.com/baseten/342a4c0e-7da3-490e-927f-dffb51f847b2
,ashby:openai:33b8effb-b048-4934-a279-87fff192a330,C,22,Plain PM (down-ranked)(+12) | onsite non-UT(+0) | fresh(+10),remote,~OpenAI [verify],"Product Manager, Core Models",San Francisco,$347K – $490K • Offers Equity,2026-07-07,https://jobs.ashbyhq.com/openai/33b8effb-b048-4934-a279-87fff192a330
,ashby:xero:88105bf7-581a-442f-afe4-6922339ae1e3,C,22,Plain PM (down-ranked)(+12) | onsite non-UT(+0) | fresh(+10),remote,Xero,Product Manager,DK: Kuglegårdsvej 7,,2026-07-08,https://jobs.ashbyhq.com/xero/88105bf7-581a-442f-afe4-6922339ae1e3
,ashby:openai:3a345731-3f47-4f0a-b693-9fca8ac53f76,C,22,Plain PM (down-ranked)(+12) | onsite non-UT(+0) | fresh(+10),remote,~OpenAI [verify],"Hardware Product Manager, Consumer Commerce",San Francisco,$347K – $385K • Offers Equity,2026-07-10,https://jobs.ashbyhq.com/openai/3a345731-3f47-4f0a-b693-9fca8ac53f76
,lever:veeva:fe20550d-85c6-4868-a3ad-0f77f944fed7,C,22,Plain PM (down-ranked)(+12) | onsite non-UT(+0) | fresh(+10),remote,Veeva Systems,Technical Product Manager - Veeva Labeling AI,Pennsylvania - Radnor,,2026-07-09,https://jobs.lever.co/veeva/fe20550d-85c6-4868-a3ad-0f77f944fed7
,ashby:kontakt:a703b7a8-fb62-446a-b515-5f0ae7f1dd1d,C,22,Plain PM (down-ranked)(+12) | onsite non-UT(+0) | fresh(+10),remote,Kontakt.io,Deployment Product Manager,New York,$150K – $170K,2026-07-13,https://jobs.ashbyhq.com/kontakt/a703b7a8-fb62-446a-b515-5f0ae7f1dd1d
,ashby:middesk:a352d80e-5640-4853-9bea-28d56fb7dee2,C,22,Plain PM (down-ranked)(+12) | onsite non-UT(+0) | fresh(+10),remote,~Middesk [verify],Product Manager,New York,$155K – $200K • Offers Equity,2026-07-13,https://jobs.ashbyhq.com/middesk/a352d80e-5640-4853-9bea-28d56fb7dee2
,ashby:workos:257e30d0-eaa3-4ce1-a47d-2b2c4f65cf1a,C,22,Plain PM (down-ranked)(+12) | onsite non-UT(+0) | fresh(+10),remote,WorkOS,Product Manager - Growth,United States & Canada,$200K – $250K • Offers Equity,2026-07-17,https://jobs.ashbyhq.com/workos/257e30d0-eaa3-4ce1-a47d-2b2c4f65cf1a
,ashby:geoforce:8abe5093-152e-41c5-8d97-d00a4251e3ee,C,22,Plain PM (down-ranked)(+12) | onsite non-UT(+0) | fresh(+10),remote,~Geoforce [verify],"Product Manager, Software","Hybrid, Plano, Texas",,2026-07-22,https://jobs.ashbyhq.com/geoforce/8abe5093-152e-41c5-8d97-d00a4251e3ee
,ashby:hinge-health:e206ad9f-58ab-4dea-afa6-77a2240293c9,C,20,Plain PM (down-ranked)(+12) | onsite non-UT(+0) | fresh(+8),remote,~Hinge Health [verify],Product Manager,San Francisco-HQ,$134K – $201.6K • Offers Equity,2026-06-19,https://jobs.ashbyhq.com/hinge-health/e206ad9f-58ab-4dea-afa6-77a2240293c9
,greenhouse:block:5265809008,C,18,Plain PM (down-ranked)(+12) | onsite non-UT(+0) | fresh(+6),remote,~Block Reign [verify],"Product Manager, Risk Automation","Bay Area, CA, United States of America",,2026-06-18,http://block.xyz/careers/jobs/5265809008?gh_jid=5265809008
,ashby:replit:06cbc016-f931-431a-92cf-29fa74eedbf1,C,18,Plain PM (down-ranked)(+12) | onsite non-UT(+0) | fresh(+6),remote,Replit (SF/remote),Enterprise Product Manager,"Foster City, CA",$200K – $300K • Offers Equity,2026-06-18,https://jobs.ashbyhq.com/replit/06cbc016-f931-431a-92cf-29fa74eedbf1
,ashby:substack:cf626dcf-0c76-4ad5-a738-3fbc72e4da06,C,15,Plain PM (down-ranked)(+12) | onsite non-UT(+0) | fresh(+3),remote,~Substack [high],Product Manager - Enterprise,San Francisco (HQ),,2026-06-18,https://jobs.ashbyhq.com/substack/cf626dcf-0c76-4ad5-a738-3fbc72e4da06
,ashby:compa:03b49d71-4f04-4b5e-9bca-c5fbab3f92ee,C,15,Plain PM (down-ranked)(+12) | onsite non-UT(+0) | fresh(+3),remote,Compa,"Product Manager, AI Agents","Engineering Sites- Orange County, Denver, Seattle, San Francisco",$155K – $200K • Offers Equity,2026-06-17,https://jobs.ashbyhq.com/compa/03b49d71-4f04-4b5e-9bca-c5fbab3f92ee
,ashby:telus-digital:6201bf5b-2090-4510-b5cb-0eb9c28d2d83,C,15,Plain PM (down-ranked)(+12) | onsite non-UT(+0) | fresh(+3),remote,TELUS Digital,Technical Product Manager,"Denver, CO",$125K – $135K • $10K – $13.5K Bonus,2026-06-16,https://jobs.ashbyhq.com/telus-digital/6201bf5b-2090-4510-b5cb-0eb9c28d2d83
,ashby:ramp:cf3516f6-4d6b-4872-831f-c8ef4a3078ee,C,15,Plain PM (down-ranked)(+12) | onsite non-UT(+0) | fresh(+3),remote,Ramp (remote-US),Product Manager | Vendor Intelligence & Marketplace,"New York, NY (HQ)",$230K – $325K • Offers Equity,2026-06-16,https://jobs.ashbyhq.com/ramp/cf3516f6-4d6b-4872-831f-c8ef4a3078ee
